invoice_id,paid_date
INV100124,
INV100222,
INV100282,
INV100291,
INV100469,
INV100506,
INV100776,
INV100971,
INV101021,
INV101049,
INV101253,
INV101338,
INV101879,
INV101966,
INV101997,
INV102037,
INV102289,
INV102757,
INV104120,
INV104296,
INV104383,
INV104563,
INV105121,
INV105567,
INV105619,
INV105654,
INV105753,
INV105774,
INV105777,
INV105818,
INV105992,
INV106015,
INV106316,
INV106375,
INV106726,
INV106819,
INV106874,
INV106889,
INV107155,
INV107198,
INV107260,
INV107858,
INV108109,
INV108265,
INV108346,2026-09-09
INV108363,2026-09-14
INV108479,
INV108520,2026-09-03
INV108558,2026-09-05
INV108592,2026-09-04
INV108594,2026-09-01
INV108617,2026-10-11
INV108633,2026-09-07
INV108638,2026-09-30
INV108646,2026-09-07
INV108658,2026-09-13
INV108664,2026-09-12
INV108682,2026-09-14
INV108694,2026-09-23
INV108702,2026-11-06
INV108706,2026-09-17
INV108722,2026-09-20
INV108725,2026-09-05
INV108731,2026-09-19
INV108747,2026-09-02
INV108748,2026-09-14
INV108758,2026-09-21
INV108764,2026-09-11
INV108767,2026-09-22
INV108784,2026-09-27
INV108790,2026-09-17
INV108798,2026-09-09
INV108817,2026-09-15
INV108821,2026-09-04
INV108823,2026-09-04
INV108825,
INV108833,2026-09-05
INV108840,2026-09-18
INV108848,2026-10-15
INV108854,2026-10-14
INV108868,2026-09-06
INV108872,2026-09-05
INV108873,2026-09-04
INV108874,2026-09-08
INV108889,2026-09-01
INV108900,2026-09-04
INV108903,2026-09-06
INV108908,2026-09-04
INV108910,2026-09-01
INV108911,2026-09-24
INV108918,2026-09-03
INV108919,2026-09-09
INV108924,2026-09-17
INV108928,2026-09-02
INV108929,2026-09-11
INV108930,2026-09-09
INV108941,2026-09-08
INV108943,2026-09-13
INV108944,2026-09-07
INV108946,2026-09-07
INV108952,2026-09-08
INV108954,2026-10-02
INV108955,2026-09-18
INV108956,2026-09-02
INV108958,2026-09-01
INV108960,2026-09-20
INV108961,
INV108965,2026-09-02
INV108967,2026-09-15
INV108968,2026-09-09
INV108972,2026-11-02
INV108973,2026-10-15
INV108975,2026-09-12
INV108976,2026-09-18
INV108977,2026-09-16
INV108979,2026-09-10
INV108986,2026-09-13
INV108991,2026-09-13
INV108996,2026-09-09
INV108997,2026-09-16
INV109000,2026-09-14
INV109005,2026-12-11
INV109006,2026-09-01
INV109009,2026-09-08
INV109012,2026-09-14
INV109018,2026-09-09
INV109019,2026-09-17
INV109020,2026-09-17
INV109025,2026-09-06
INV109029,2026-09-17
INV109031,2026-09-12
INV109033,2026-09-12
INV109035,2026-10-13
INV109036,2026-09-03
INV109037,2026-09-14
INV109039,2026-09-23
INV109040,2026-09-20
INV109047,2026-09-25
INV109048,2026-09-22
INV109049,2026-09-20
INV109052,2026-09-06
INV109054,2026-09-15
INV109062,2026-09-30
INV109063,2026-10-30
INV109066,2026-09-13
INV109068,2026-09-08
INV109069,2026-09-30
INV109072,2026-09-13
INV109073,2026-09-12
INV109074,2026-09-23
INV109075,2026-09-12
INV109076,2026-09-10
INV109077,2026-09-17
INV109080,2026-09-02
INV109081,2026-09-28
INV109082,2026-09-14
INV109083,2026-09-30
INV109084,2026-09-23
INV109087,2026-09-05
INV109088,2026-09-25
INV109090,2026-11-01
INV109091,2026-10-07
INV109092,2026-09-11
INV109093,2026-09-30
INV109094,2026-09-21
INV109095,2026-09-04
INV109096,2026-09-06
INV109097,2026-09-20
INV109100,2026-09-19
INV109101,2026-10-10
INV109102,2026-09-28
INV109103,2026-09-02
INV109104,2026-09-08
INV109105,2026-10-12
INV109106,2026-09-25
INV109108,2026-09-14
INV109110,2026-09-03
INV109113,2026-09-17
INV109115,
INV109116,2026-09-28
INV109118,2026-10-12
INV109119,2026-10-06
INV109124,2026-09-30
INV109126,2026-10-25
INV109128,2026-09-21
INV109129,2026-09-02
INV109131,2026-10-10
INV109132,2026-10-02
INV109134,2026-09-30
INV109135,2026-10-01
INV109136,2026-09-01
INV109137,2026-09-19
INV109138,2026-09-03
INV109139,2026-09-18
INV109140,2026-09-28
INV109141,2026-09-08
INV109142,2026-10-04
INV109143,2026-10-01
INV109144,2026-09-27
INV109147,2026-09-02
INV109148,2026-09-03
INV109150,2026-09-02
INV109151,2026-10-16
INV109152,2026-10-01
INV109153,2026-10-03
INV109155,2026-09-29
INV109156,2026-09-16
INV109157,
INV109158,2026-09-02
INV109159,2026-09-26
INV109160,2026-09-05
INV109161,2026-09-03
INV109162,2026-09-26
INV109163,2026-09-30
INV109164,2026-10-01
INV109165,2026-10-18
INV109168,2026-11-19
INV109169,2026-09-02
INV109170,2026-10-28
INV109171,2026-10-02
INV109172,2026-09-05
INV109173,2026-09-03
INV109174,2026-10-20
INV109175,2026-11-20
INV109176,2026-09-18
INV109177,2026-09-09
INV109179,2026-09-06
INV109180,2026-09-02
INV109181,2026-09-01
INV109183,2026-09-06
INV109184,2026-09-16
INV109185,2026-09-30
INV109186,2026-10-05
INV109188,2026-09-06
INV109190,2026-09-04
INV109191,2026-09-22
INV109192,2026-10-08
INV109193,2026-09-10
INV109194,2026-09-12
INV109195,2026-10-19
INV109197,2026-09-01
INV109198,2026-10-05
INV109199,2026-11-17
INV109200,2026-09-01
INV109201,2026-09-30
INV109202,2026-11-07
INV109203,2026-11-08
INV109204,2026-10-01
INV109205,2026-09-10
INV109206,2026-09-08
INV109208,2026-09-01
INV109210,2026-10-09
INV109211,2026-09-08
INV109212,2026-09-12
INV109213,2026-09-01
INV109214,2026-09-01
INV109215,2026-09-02
INV109216,2026-09-09
INV109217,2026-09-21
INV109218,2026-11-17
INV109219,2026-10-10
INV109220,2026-09-15
INV109221,2026-10-14
INV109222,2026-09-10
INV109223,2026-09-04
INV109224,2026-09-08
INV109225,2026-09-04
INV109226,2026-09-01
INV109227,2026-09-24
INV109228,2026-09-06
INV109229,2026-10-11
INV109230,2026-10-07
INV109231,2026-09-15
INV109232,2026-09-13
INV109233,2026-09-09
INV109234,2026-09-02
INV109235,2026-12-02
INV109236,2026-09-08
INV109237,2026-09-12
INV109238,2026-09-14
INV109239,2026-09-20
INV109240,2026-09-05
INV109241,2026-09-10
INV109242,2026-09-18
INV109243,2026-10-09
INV109244,2026-10-07
INV109245,2026-09-22
INV109246,2026-10-08
INV109247,2026-09-23
INV109248,2026-12-27
INV109249,2026-09-10
INV109250,2026-09-26
INV109251,2026-10-06
INV109252,2026-10-10
INV109253,2026-09-13
INV109254,2026-09-10
INV109255,2026-10-03
INV109256,2026-09-26
INV109257,2026-09-07
INV109258,2026-09-08
INV109259,2026-09-05
INV109260,2026-10-10
INV109261,2026-10-07
INV109262,
INV109263,2026-09-13
INV109264,2026-09-16
INV109265,2026-09-12
INV109266,2026-09-29
INV109267,2026-10-16
INV109268,2026-09-14
INV109269,2026-10-01
INV109270,2026-10-31
INV109271,2026-10-09
INV109272,2026-09-10
INV109273,2026-09-14
INV109274,2026-10-03
INV109275,2026-09-02
INV109276,2026-10-14
INV109277,2026-09-29
INV109278,2026-10-05
INV109279,2026-09-12
INV109280,2026-10-13
INV109281,2026-09-10
INV109282,2026-10-09
INV109283,2026-09-12
INV109284,2026-09-21
INV109285,2026-09-18
INV109286,2026-09-06
INV109287,2026-09-11
INV109288,2026-09-05
INV109289,2026-09-13
INV109290,2026-09-17
INV109291,2026-10-14
INV109292,2026-10-16
INV109293,2026-09-18
INV109294,2026-10-09
INV109295,2026-10-03
INV109296,2026-09-19
INV109297,2026-09-16
INV109298,2026-10-02
INV109299,2026-09-15
INV109300,2026-10-06
INV109301,2026-10-17
INV109302,2026-10-23
INV109303,2026-10-17
INV109304,2026-11-17
INV109305,2026-10-13
INV109306,2026-10-10
INV109307,2026-09-11
INV109308,2026-10-16
INV109309,2026-09-12
INV109310,2026-09-11
INV109311,2026-09-13
INV109312,2026-09-21
INV109313,2026-09-15
INV109314,2026-09-14
INV109315,2026-09-17
INV109316,2026-09-11
INV109317,2026-10-05
INV109318,2026-09-18
INV109319,2026-09-14
INV109320,2026-09-11
INV109321,2026-10-14
INV109322,2026-09-20
INV109323,2026-09-22
INV109324,2026-10-01
INV109325,2026-09-21
INV109326,2026-09-10
INV109327,2026-10-11
INV109328,2026-09-15
INV109329,2026-09-17
INV109330,2026-11-08
INV109331,2026-10-08
INV109332,2026-09-18
INV109333,2026-09-16
INV109334,2026-10-09
INV109335,2026-10-16
INV109336,2026-09-18
INV109337,2026-09-18
INV109338,2026-10-18
INV109339,2026-09-23
INV109340,2026-09-27
INV109341,2026-09-28
INV109342,2026-10-11
INV109343,2026-09-21
INV109344,2026-10-24
INV109345,2026-10-31
INV109346,2026-09-30
INV109347,2026-10-22
INV109348,2026-10-28
INV109349,2026-10-15
INV109350,2026-09-26
INV109351,2026-09-14
INV109352,2026-09-24
INV109353,2026-09-15
INV109354,2026-09-20
INV109355,2026-09-16
INV109356,2026-09-17
INV109357,2026-10-11
INV109358,2026-09-16
INV109359,2026-09-18
INV109360,2026-09-23
INV109361,2026-10-21
INV109362,2026-10-15
INV109363,2026-11-05
INV109364,2026-09-28
INV109365,2026-10-04
INV109366,2026-10-02
INV109367,2026-11-08
INV109368,2026-10-21
INV109369,2026-09-23
INV109370,2026-10-06
INV109371,2026-10-27
INV109372,2026-10-17
INV109373,2026-09-19
INV109374,2026-09-28
INV109375,2026-09-22
INV109376,2026-09-28
INV109377,2026-09-23
INV109378,2026-10-28
INV109379,2026-09-27
INV109380,2026-09-19
INV109381,2026-10-03
INV109382,2026-10-17
INV109383,2026-10-14
INV109384,2026-10-13
INV109385,2026-09-25
INV109386,2026-10-28
INV109387,2026-11-01
INV109388,2026-09-13
INV109389,2026-10-03
INV109390,2026-11-19
INV109391,2026-10-17
INV109392,2026-09-20
INV109393,2026-10-05
INV109394,2026-09-23
INV109395,2026-09-25
INV109396,2026-09-22
INV109397,2026-11-30
INV109398,2026-10-23
INV109399,2026-10-26
INV109400,2026-09-25
INV109401,2026-11-16
INV109402,2026-10-05
INV109403,2026-10-24
INV109404,2026-11-07
INV109405,2026-11-06
INV109406,2026-09-25
INV109407,2026-09-25
INV109408,2026-09-23
INV109409,2026-09-29
INV109410,2026-09-15
INV109411,2026-09-30
INV109412,2026-09-30
INV109413,2026-10-29
INV109414,2026-09-17
INV109415,2026-10-27
INV109416,2026-09-28
INV109417,2026-09-26
INV109418,2026-09-25
INV109419,2026-09-28
INV109420,2026-11-02
INV109421,2026-09-18
INV109422,2026-10-08
INV109423,2026-10-18
INV109424,2026-09-28
INV109425,2026-11-11
INV109426,2026-09-29
INV109427,2026-10-25
INV109428,2026-11-04
INV109429,2026-10-06
INV109430,2026-10-12
INV109431,2026-10-03
INV109432,2026-10-01
INV109433,2026-11-19
INV109434,2026-10-17
INV109435,2026-10-03
INV109436,2026-09-17
INV109437,2026-09-19
INV109438,2026-09-30
INV109439,2026-10-02
INV109440,2026-09-25
