customer_id,signup_month,billing,channel
1,2023-01-01,monthly,Inbound
2,2023-01-01,monthly,Inbound
3,2023-01-01,monthly,Inbound
4,2023-01-01,monthly,Outbound
5,2023-01-01,monthly,Outbound
6,2023-01-01,monthly,Inbound
7,2023-01-01,monthly,Inbound
8,2023-01-01,monthly,Partner
9,2023-01-01,monthly,Inbound
10,2023-01-01,annual,Inbound
11,2023-01-01,monthly,Inbound
12,2023-01-01,annual,Inbound
13,2023-01-01,annual,Outbound
14,2023-01-01,monthly,Outbound
15,2023-01-01,annual,Outbound
16,2023-01-01,monthly,Outbound
17,2023-01-01,annual,Inbound
18,2023-01-01,annual,Inbound
19,2023-01-01,monthly,Outbound
20,2023-01-01,monthly,Inbound
21,2023-01-01,monthly,Inbound
22,2023-01-01,annual,Inbound
23,2023-01-01,monthly,Partner
24,2023-01-01,monthly,Partner
25,2023-01-01,monthly,Outbound
26,2023-01-01,annual,Partner
27,2023-01-01,monthly,Partner
28,2023-01-01,monthly,Inbound
29,2023-01-01,monthly,Inbound
30,2023-02-01,monthly,Inbound
31,2023-02-01,monthly,Outbound
32,2023-02-01,monthly,Inbound
33,2023-02-01,monthly,Inbound
34,2023-02-01,monthly,Inbound
35,2023-02-01,annual,Inbound
36,2023-02-01,monthly,Outbound
37,2023-02-01,monthly,Outbound
38,2023-02-01,monthly,Inbound
39,2023-02-01,monthly,Inbound
40,2023-02-01,monthly,Inbound
41,2023-02-01,monthly,Outbound
42,2023-02-01,monthly,Inbound
43,2023-02-01,monthly,Inbound
44,2023-02-01,annual,Partner
45,2023-02-01,annual,Inbound
46,2023-02-01,monthly,Inbound
47,2023-02-01,monthly,Outbound
48,2023-02-01,monthly,Inbound
49,2023-02-01,monthly,Partner
50,2023-02-01,monthly,Partner
51,2023-02-01,monthly,Outbound
52,2023-02-01,monthly,Inbound
53,2023-02-01,annual,Inbound
54,2023-02-01,annual,Inbound
55,2023-02-01,monthly,Outbound
56,2023-02-01,annual,Partner
57,2023-02-01,monthly,Outbound
58,2023-02-01,monthly,Outbound
59,2023-02-01,annual,Partner
60,2023-02-01,monthly,Inbound
61,2023-03-01,annual,Inbound
62,2023-03-01,annual,Inbound
63,2023-03-01,monthly,Inbound
64,2023-03-01,monthly,Inbound
65,2023-03-01,monthly,Inbound
66,2023-03-01,monthly,Outbound
67,2023-03-01,monthly,Outbound
68,2023-03-01,monthly,Outbound
69,2023-03-01,monthly,Inbound
70,2023-03-01,monthly,Partner
71,2023-03-01,annual,Outbound
72,2023-03-01,monthly,Partner
73,2023-03-01,monthly,Outbound
74,2023-03-01,monthly,Inbound
75,2023-03-01,monthly,Outbound
76,2023-03-01,monthly,Inbound
77,2023-03-01,annual,Outbound
78,2023-03-01,monthly,Outbound
79,2023-03-01,monthly,Partner
80,2023-03-01,monthly,Outbound
81,2023-03-01,monthly,Outbound
82,2023-03-01,monthly,Inbound
83,2023-03-01,annual,Inbound
84,2023-03-01,annual,Inbound
85,2023-03-01,monthly,Partner
86,2023-03-01,annual,Inbound
87,2023-03-01,monthly,Inbound
88,2023-04-01,monthly,Inbound
89,2023-04-01,monthly,Inbound
90,2023-04-01,monthly,Outbound
91,2023-04-01,monthly,Outbound
92,2023-04-01,annual,Inbound
93,2023-04-01,monthly,Outbound
94,2023-04-01,monthly,Outbound
95,2023-04-01,monthly,Inbound
96,2023-04-01,monthly,Outbound
97,2023-04-01,annual,Inbound
98,2023-04-01,annual,Inbound
99,2023-04-01,monthly,Outbound
100,2023-04-01,monthly,Inbound
101,2023-04-01,monthly,Outbound
102,2023-04-01,monthly,Outbound
103,2023-04-01,monthly,Inbound
104,2023-04-01,monthly,Outbound
105,2023-04-01,monthly,Inbound
106,2023-04-01,monthly,Inbound
107,2023-04-01,monthly,Partner
108,2023-04-01,monthly,Outbound
109,2023-04-01,monthly,Inbound
110,2023-04-01,annual,Inbound
111,2023-04-01,monthly,Inbound
112,2023-04-01,monthly,Partner
113,2023-04-01,monthly,Inbound
114,2023-04-01,monthly,Outbound
115,2023-04-01,annual,Inbound
116,2023-04-01,monthly,Partner
117,2023-04-01,monthly,Inbound
118,2023-05-01,annual,Inbound
119,2023-05-01,monthly,Inbound
120,2023-05-01,monthly,Partner
121,2023-05-01,monthly,Outbound
122,2023-05-01,annual,Outbound
123,2023-05-01,monthly,Inbound
124,2023-05-01,monthly,Outbound
125,2023-05-01,annual,Inbound
126,2023-05-01,monthly,Outbound
127,2023-05-01,monthly,Inbound
128,2023-05-01,monthly,Inbound
129,2023-05-01,monthly,Partner
130,2023-05-01,annual,Outbound
131,2023-05-01,monthly,Outbound
132,2023-05-01,monthly,Inbound
133,2023-05-01,monthly,Inbound
134,2023-05-01,monthly,Inbound
135,2023-05-01,monthly,Inbound
136,2023-05-01,monthly,Inbound
137,2023-05-01,annual,Inbound
138,2023-05-01,monthly,Outbound
139,2023-05-01,monthly,Outbound
140,2023-05-01,monthly,Inbound
141,2023-05-01,monthly,Partner
142,2023-06-01,monthly,Outbound
143,2023-06-01,monthly,Partner
144,2023-06-01,annual,Inbound
145,2023-06-01,monthly,Partner
146,2023-06-01,annual,Partner
147,2023-06-01,monthly,Partner
148,2023-06-01,monthly,Inbound
149,2023-06-01,monthly,Inbound
150,2023-06-01,annual,Outbound
151,2023-06-01,monthly,Inbound
152,2023-06-01,annual,Inbound
153,2023-06-01,monthly,Inbound
154,2023-06-01,monthly,Inbound
155,2023-06-01,monthly,Inbound
156,2023-06-01,monthly,Inbound
157,2023-06-01,monthly,Inbound
158,2023-06-01,monthly,Inbound
159,2023-06-01,monthly,Partner
160,2023-06-01,annual,Inbound
161,2023-06-01,monthly,Outbound
162,2023-06-01,monthly,Inbound
163,2023-06-01,monthly,Outbound
164,2023-06-01,monthly,Inbound
165,2023-06-01,annual,Inbound
166,2023-06-01,annual,Inbound
167,2023-06-01,annual,Inbound
168,2023-06-01,annual,Inbound
169,2023-06-01,annual,Partner
170,2023-06-01,monthly,Inbound
171,2023-07-01,monthly,Inbound
172,2023-07-01,monthly,Inbound
173,2023-07-01,monthly,Partner
174,2023-07-01,monthly,Partner
175,2023-07-01,monthly,Inbound
176,2023-07-01,monthly,Inbound
177,2023-07-01,monthly,Inbound
178,2023-07-01,annual,Inbound
179,2023-07-01,monthly,Inbound
180,2023-07-01,monthly,Outbound
181,2023-07-01,annual,Outbound
182,2023-07-01,monthly,Inbound
183,2023-07-01,monthly,Outbound
184,2023-07-01,monthly,Inbound
185,2023-07-01,monthly,Inbound
186,2023-07-01,monthly,Inbound
187,2023-07-01,monthly,Outbound
188,2023-07-01,monthly,Inbound
189,2023-07-01,annual,Inbound
190,2023-07-01,monthly,Partner
191,2023-07-01,monthly,Partner
192,2023-07-01,monthly,Inbound
193,2023-07-01,annual,Inbound
194,2023-07-01,monthly,Outbound
195,2023-07-01,monthly,Inbound
196,2023-07-01,monthly,Inbound
197,2023-07-01,monthly,Partner
198,2023-08-01,monthly,Partner
199,2023-08-01,monthly,Inbound
200,2023-08-01,monthly,Inbound
201,2023-08-01,monthly,Inbound
202,2023-08-01,monthly,Partner
203,2023-08-01,monthly,Outbound
204,2023-08-01,monthly,Inbound
205,2023-08-01,monthly,Inbound
206,2023-08-01,annual,Inbound
207,2023-08-01,monthly,Inbound
208,2023-08-01,monthly,Inbound
209,2023-08-01,monthly,Outbound
210,2023-08-01,monthly,Partner
211,2023-08-01,monthly,Outbound
212,2023-08-01,monthly,Outbound
213,2023-08-01,annual,Outbound
214,2023-08-01,annual,Outbound
215,2023-08-01,monthly,Inbound
216,2023-08-01,monthly,Outbound
217,2023-08-01,monthly,Inbound
218,2023-08-01,annual,Inbound
219,2023-08-01,monthly,Inbound
220,2023-09-01,monthly,Partner
221,2023-09-01,monthly,Inbound
222,2023-09-01,monthly,Inbound
223,2023-09-01,monthly,Inbound
224,2023-09-01,monthly,Outbound
225,2023-09-01,monthly,Inbound
226,2023-09-01,monthly,Outbound
227,2023-09-01,monthly,Inbound
228,2023-09-01,annual,Partner
229,2023-09-01,monthly,Inbound
230,2023-09-01,monthly,Inbound
231,2023-09-01,annual,Inbound
232,2023-09-01,monthly,Inbound
233,2023-09-01,monthly,Inbound
234,2023-09-01,monthly,Outbound
235,2023-09-01,monthly,Partner
236,2023-09-01,monthly,Outbound
237,2023-09-01,annual,Inbound
238,2023-09-01,annual,Inbound
239,2023-09-01,monthly,Partner
240,2023-09-01,annual,Partner
241,2023-09-01,monthly,Inbound
242,2023-09-01,monthly,Partner
243,2023-10-01,annual,Outbound
244,2023-10-01,monthly,Partner
245,2023-10-01,monthly,Inbound
246,2023-10-01,monthly,Inbound
247,2023-10-01,monthly,Partner
248,2023-10-01,monthly,Inbound
249,2023-10-01,monthly,Partner
250,2023-10-01,annual,Inbound
251,2023-10-01,annual,Inbound
252,2023-10-01,monthly,Inbound
253,2023-10-01,monthly,Inbound
254,2023-10-01,monthly,Outbound
255,2023-10-01,monthly,Partner
256,2023-10-01,monthly,Partner
257,2023-10-01,monthly,Outbound
258,2023-10-01,monthly,Inbound
259,2023-10-01,annual,Inbound
260,2023-10-01,monthly,Inbound
261,2023-10-01,monthly,Inbound
262,2023-10-01,monthly,Partner
263,2023-10-01,monthly,Outbound
264,2023-10-01,monthly,Inbound
265,2023-10-01,monthly,Inbound
266,2023-10-01,annual,Partner
267,2023-10-01,monthly,Inbound
268,2023-11-01,monthly,Inbound
269,2023-11-01,annual,Outbound
270,2023-11-01,monthly,Partner
271,2023-11-01,monthly,Outbound
272,2023-11-01,monthly,Outbound
273,2023-11-01,monthly,Outbound
274,2023-11-01,monthly,Inbound
275,2023-11-01,monthly,Outbound
276,2023-11-01,annual,Partner
277,2023-11-01,monthly,Inbound
278,2023-11-01,annual,Outbound
279,2023-11-01,annual,Partner
280,2023-11-01,monthly,Inbound
281,2023-11-01,annual,Partner
282,2023-11-01,annual,Outbound
283,2023-11-01,annual,Outbound
284,2023-11-01,monthly,Partner
285,2023-11-01,annual,Inbound
286,2023-11-01,monthly,Inbound
287,2023-11-01,monthly,Outbound
288,2023-11-01,monthly,Inbound
289,2023-11-01,monthly,Inbound
290,2023-11-01,monthly,Inbound
291,2023-11-01,monthly,Inbound
292,2023-11-01,monthly,Outbound
293,2023-11-01,monthly,Inbound
294,2023-11-01,monthly,Inbound
295,2023-11-01,monthly,Outbound
296,2023-11-01,annual,Partner
297,2023-11-01,annual,Inbound
298,2023-12-01,monthly,Inbound
299,2023-12-01,monthly,Outbound
300,2023-12-01,monthly,Inbound
301,2023-12-01,annual,Inbound
302,2023-12-01,annual,Outbound
303,2023-12-01,monthly,Outbound
304,2023-12-01,monthly,Partner
305,2023-12-01,monthly,Partner
306,2023-12-01,monthly,Outbound
307,2023-12-01,annual,Inbound
308,2023-12-01,annual,Inbound
309,2023-12-01,monthly,Partner
310,2023-12-01,monthly,Outbound
311,2023-12-01,monthly,Inbound
312,2023-12-01,annual,Inbound
313,2023-12-01,annual,Outbound
314,2023-12-01,annual,Partner
315,2023-12-01,monthly,Inbound
316,2023-12-01,annual,Outbound
317,2023-12-01,annual,Inbound
318,2023-12-01,monthly,Inbound
319,2023-12-01,annual,Partner
320,2023-12-01,monthly,Outbound
321,2023-12-01,annual,Partner
322,2023-12-01,monthly,Outbound
323,2023-12-01,monthly,Inbound
324,2023-12-01,monthly,Inbound
325,2023-12-01,monthly,Inbound
326,2023-12-01,monthly,Partner
327,2023-12-01,annual,Outbound
328,2023-12-01,monthly,Inbound
329,2023-12-01,monthly,Partner
330,2023-12-01,monthly,Inbound
331,2023-12-01,monthly,Partner
332,2024-01-01,monthly,Inbound
333,2024-01-01,monthly,Inbound
334,2024-01-01,monthly,Outbound
335,2024-01-01,annual,Inbound
336,2024-01-01,annual,Inbound
337,2024-01-01,annual,Partner
338,2024-01-01,monthly,Inbound
339,2024-01-01,monthly,Partner
340,2024-01-01,monthly,Inbound
341,2024-01-01,monthly,Outbound
342,2024-01-01,annual,Inbound
343,2024-01-01,monthly,Outbound
344,2024-01-01,annual,Outbound
345,2024-01-01,monthly,Outbound
346,2024-01-01,monthly,Outbound
347,2024-01-01,annual,Outbound
348,2024-01-01,annual,Inbound
349,2024-01-01,monthly,Outbound
350,2024-01-01,monthly,Partner
351,2024-01-01,monthly,Partner
352,2024-01-01,monthly,Outbound
353,2024-01-01,monthly,Outbound
354,2024-01-01,monthly,Inbound
355,2024-01-01,monthly,Outbound
356,2024-01-01,monthly,Inbound
357,2024-01-01,monthly,Inbound
358,2024-01-01,monthly,Inbound
359,2024-01-01,annual,Inbound
360,2024-01-01,annual,Partner
361,2024-01-01,annual,Inbound
362,2024-01-01,monthly,Outbound
363,2024-02-01,annual,Inbound
364,2024-02-01,monthly,Outbound
365,2024-02-01,annual,Partner
366,2024-02-01,annual,Inbound
367,2024-02-01,monthly,Inbound
368,2024-02-01,monthly,Outbound
369,2024-02-01,annual,Inbound
370,2024-02-01,annual,Inbound
371,2024-02-01,monthly,Inbound
372,2024-02-01,monthly,Partner
373,2024-02-01,monthly,Inbound
374,2024-02-01,monthly,Outbound
375,2024-02-01,monthly,Outbound
376,2024-02-01,monthly,Inbound
377,2024-02-01,annual,Partner
378,2024-02-01,monthly,Partner
379,2024-02-01,monthly,Outbound
380,2024-02-01,monthly,Outbound
381,2024-02-01,monthly,Inbound
382,2024-02-01,monthly,Inbound
383,2024-02-01,monthly,Inbound
384,2024-03-01,monthly,Outbound
385,2024-03-01,monthly,Inbound
386,2024-03-01,monthly,Outbound
387,2024-03-01,annual,Inbound
388,2024-03-01,monthly,Partner
389,2024-03-01,monthly,Outbound
390,2024-03-01,annual,Outbound
391,2024-03-01,monthly,Outbound
392,2024-03-01,monthly,Outbound
393,2024-03-01,monthly,Inbound
394,2024-03-01,monthly,Outbound
395,2024-03-01,monthly,Partner
396,2024-03-01,monthly,Outbound
397,2024-03-01,monthly,Inbound
398,2024-03-01,annual,Outbound
399,2024-03-01,monthly,Outbound
400,2024-03-01,monthly,Inbound
401,2024-03-01,monthly,Partner
402,2024-03-01,annual,Inbound
403,2024-03-01,monthly,Inbound
404,2024-03-01,monthly,Partner
405,2024-03-01,annual,Outbound
406,2024-03-01,monthly,Inbound
407,2024-03-01,monthly,Inbound
408,2024-03-01,annual,Outbound
409,2024-03-01,monthly,Inbound
410,2024-03-01,monthly,Partner
411,2024-03-01,monthly,Inbound
412,2024-03-01,monthly,Inbound
413,2024-04-01,monthly,Outbound
414,2024-04-01,annual,Inbound
415,2024-04-01,monthly,Inbound
416,2024-04-01,annual,Inbound
417,2024-04-01,monthly,Inbound
418,2024-04-01,monthly,Inbound
419,2024-04-01,monthly,Partner
420,2024-04-01,monthly,Outbound
421,2024-04-01,annual,Inbound
422,2024-04-01,monthly,Inbound
423,2024-04-01,monthly,Inbound
424,2024-04-01,monthly,Inbound
425,2024-04-01,monthly,Outbound
426,2024-04-01,annual,Inbound
427,2024-04-01,monthly,Outbound
428,2024-04-01,monthly,Inbound
429,2024-04-01,monthly,Inbound
430,2024-04-01,monthly,Partner
431,2024-04-01,monthly,Inbound
432,2024-04-01,monthly,Inbound
433,2024-04-01,monthly,Outbound
434,2024-04-01,monthly,Outbound
435,2024-04-01,monthly,Inbound
436,2024-04-01,annual,Inbound
437,2024-04-01,annual,Outbound
438,2024-04-01,monthly,Inbound
439,2024-04-01,monthly,Inbound
440,2024-04-01,monthly,Inbound
441,2024-04-01,monthly,Inbound
442,2024-04-01,monthly,Partner
443,2024-04-01,monthly,Inbound
444,2024-05-01,monthly,Inbound
445,2024-05-01,monthly,Outbound
446,2024-05-01,monthly,Inbound
447,2024-05-01,annual,Inbound
448,2024-05-01,annual,Outbound
449,2024-05-01,monthly,Inbound
450,2024-05-01,annual,Inbound
451,2024-05-01,monthly,Inbound
452,2024-05-01,monthly,Inbound
453,2024-05-01,annual,Outbound
454,2024-05-01,annual,Outbound
455,2024-05-01,monthly,Outbound
456,2024-05-01,monthly,Partner
457,2024-05-01,monthly,Inbound
458,2024-05-01,annual,Inbound
459,2024-05-01,annual,Outbound
460,2024-05-01,annual,Inbound
461,2024-05-01,annual,Inbound
462,2024-05-01,monthly,Inbound
463,2024-05-01,monthly,Outbound
464,2024-05-01,monthly,Inbound
465,2024-05-01,monthly,Outbound
466,2024-05-01,monthly,Inbound
467,2024-05-01,monthly,Outbound
468,2024-05-01,annual,Inbound
469,2024-05-01,monthly,Outbound
470,2024-05-01,monthly,Inbound
471,2024-05-01,monthly,Inbound
472,2024-05-01,monthly,Inbound
473,2024-05-01,monthly,Inbound
474,2024-05-01,annual,Partner
475,2024-05-01,monthly,Inbound
476,2024-05-01,annual,Partner
477,2024-05-01,annual,Inbound
478,2024-05-01,monthly,Partner
479,2024-05-01,monthly,Inbound
480,2024-05-01,annual,Inbound
481,2024-05-01,monthly,Inbound
482,2024-06-01,monthly,Inbound
483,2024-06-01,monthly,Partner
484,2024-06-01,monthly,Outbound
485,2024-06-01,monthly,Partner
486,2024-06-01,monthly,Outbound
487,2024-06-01,monthly,Partner
488,2024-06-01,monthly,Inbound
489,2024-06-01,monthly,Inbound
490,2024-06-01,monthly,Outbound
491,2024-06-01,monthly,Partner
492,2024-06-01,annual,Partner
493,2024-06-01,annual,Inbound
494,2024-06-01,monthly,Partner
495,2024-06-01,monthly,Outbound
496,2024-06-01,monthly,Inbound
497,2024-06-01,monthly,Outbound
498,2024-06-01,monthly,Inbound
499,2024-06-01,monthly,Inbound
500,2024-06-01,annual,Inbound
501,2024-06-01,annual,Inbound
502,2024-06-01,annual,Inbound
503,2024-06-01,annual,Partner
504,2024-06-01,monthly,Inbound
505,2024-06-01,annual,Inbound
506,2024-06-01,monthly,Outbound
507,2024-06-01,monthly,Inbound
508,2024-06-01,annual,Outbound
509,2024-06-01,annual,Inbound
510,2024-06-01,annual,Inbound
511,2024-06-01,monthly,Outbound
512,2024-07-01,monthly,Partner
513,2024-07-01,monthly,Inbound
514,2024-07-01,monthly,Outbound
515,2024-07-01,monthly,Partner
516,2024-07-01,annual,Partner
517,2024-07-01,monthly,Outbound
518,2024-07-01,annual,Partner
519,2024-07-01,annual,Inbound
520,2024-07-01,monthly,Inbound
521,2024-07-01,monthly,Inbound
522,2024-07-01,monthly,Inbound
523,2024-07-01,monthly,Partner
524,2024-07-01,annual,Inbound
525,2024-07-01,monthly,Outbound
526,2024-07-01,monthly,Outbound
527,2024-07-01,annual,Outbound
528,2024-07-01,annual,Outbound
529,2024-07-01,monthly,Partner
530,2024-07-01,monthly,Inbound
531,2024-07-01,monthly,Outbound
532,2024-07-01,monthly,Partner
533,2024-07-01,annual,Inbound
534,2024-07-01,annual,Inbound
535,2024-07-01,monthly,Inbound
536,2024-07-01,monthly,Outbound
537,2024-07-01,monthly,Inbound
538,2024-07-01,monthly,Inbound
539,2024-07-01,monthly,Inbound
540,2024-07-01,monthly,Inbound
541,2024-07-01,monthly,Outbound
542,2024-07-01,monthly,Outbound
543,2024-07-01,monthly,Partner
544,2024-08-01,monthly,Partner
545,2024-08-01,monthly,Partner
546,2024-08-01,monthly,Inbound
547,2024-08-01,annual,Outbound
548,2024-08-01,monthly,Inbound
549,2024-08-01,monthly,Inbound
550,2024-08-01,annual,Inbound
551,2024-08-01,annual,Inbound
552,2024-08-01,annual,Inbound
553,2024-08-01,monthly,Inbound
554,2024-08-01,annual,Inbound
555,2024-08-01,monthly,Outbound
556,2024-08-01,monthly,Partner
557,2024-08-01,monthly,Inbound
558,2024-08-01,annual,Partner
559,2024-08-01,monthly,Inbound
560,2024-08-01,annual,Inbound
561,2024-08-01,monthly,Outbound
562,2024-08-01,monthly,Outbound
563,2024-08-01,annual,Inbound
564,2024-08-01,monthly,Inbound
565,2024-08-01,monthly,Inbound
566,2024-08-01,monthly,Inbound
567,2024-08-01,monthly,Inbound
568,2024-08-01,monthly,Outbound
569,2024-08-01,monthly,Outbound
570,2024-08-01,annual,Outbound
571,2024-08-01,monthly,Inbound
572,2024-08-01,monthly,Inbound
573,2024-08-01,monthly,Outbound
574,2024-08-01,monthly,Inbound
575,2024-08-01,annual,Inbound
576,2024-08-01,monthly,Inbound
577,2024-08-01,annual,Outbound
578,2024-08-01,annual,Inbound
579,2024-09-01,monthly,Inbound
580,2024-09-01,annual,Outbound
581,2024-09-01,monthly,Inbound
582,2024-09-01,annual,Inbound
583,2024-09-01,annual,Partner
584,2024-09-01,monthly,Inbound
585,2024-09-01,annual,Partner
586,2024-09-01,annual,Outbound
587,2024-09-01,monthly,Inbound
588,2024-09-01,monthly,Inbound
589,2024-09-01,monthly,Inbound
590,2024-09-01,monthly,Inbound
591,2024-09-01,monthly,Outbound
592,2024-09-01,annual,Outbound
593,2024-09-01,monthly,Partner
594,2024-09-01,monthly,Inbound
595,2024-09-01,monthly,Outbound
596,2024-09-01,monthly,Partner
597,2024-09-01,monthly,Partner
598,2024-09-01,monthly,Partner
599,2024-09-01,monthly,Inbound
600,2024-09-01,monthly,Partner
601,2024-09-01,monthly,Partner
602,2024-09-01,monthly,Inbound
603,2024-09-01,annual,Outbound
604,2024-09-01,monthly,Outbound
605,2024-09-01,monthly,Outbound
606,2024-09-01,annual,Outbound
607,2024-09-01,monthly,Inbound
608,2024-09-01,monthly,Outbound
609,2024-09-01,annual,Inbound
610,2024-09-01,monthly,Inbound
611,2024-09-01,monthly,Inbound
612,2024-09-01,monthly,Inbound
613,2024-10-01,monthly,Partner
614,2024-10-01,annual,Inbound
615,2024-10-01,annual,Inbound
616,2024-10-01,monthly,Inbound
617,2024-10-01,monthly,Inbound
618,2024-10-01,monthly,Outbound
619,2024-10-01,monthly,Inbound
620,2024-10-01,monthly,Outbound
621,2024-10-01,annual,Outbound
622,2024-10-01,annual,Inbound
623,2024-10-01,monthly,Outbound
624,2024-10-01,annual,Inbound
625,2024-10-01,monthly,Outbound
626,2024-10-01,monthly,Partner
627,2024-10-01,monthly,Partner
628,2024-10-01,monthly,Outbound
629,2024-10-01,annual,Partner
630,2024-10-01,monthly,Inbound
631,2024-10-01,monthly,Outbound
632,2024-10-01,monthly,Inbound
633,2024-10-01,annual,Partner
634,2024-10-01,monthly,Outbound
635,2024-10-01,monthly,Partner
636,2024-10-01,monthly,Inbound
637,2024-10-01,monthly,Inbound
638,2024-10-01,monthly,Partner
639,2024-10-01,annual,Outbound
640,2024-10-01,monthly,Outbound
641,2024-10-01,monthly,Inbound
642,2024-10-01,annual,Outbound
643,2024-10-01,monthly,Outbound
644,2024-10-01,monthly,Inbound
645,2024-10-01,monthly,Inbound
646,2024-10-01,monthly,Outbound
647,2024-10-01,monthly,Inbound
648,2024-10-01,monthly,Inbound
649,2024-10-01,monthly,Partner
650,2024-11-01,monthly,Inbound
651,2024-11-01,monthly,Outbound
652,2024-11-01,monthly,Partner
653,2024-11-01,monthly,Outbound
654,2024-11-01,monthly,Inbound
655,2024-11-01,annual,Outbound
656,2024-11-01,annual,Outbound
657,2024-11-01,annual,Inbound
658,2024-11-01,monthly,Partner
659,2024-11-01,annual,Inbound
660,2024-11-01,monthly,Inbound
661,2024-11-01,annual,Inbound
662,2024-11-01,monthly,Outbound
663,2024-11-01,monthly,Partner
664,2024-11-01,annual,Inbound
665,2024-11-01,monthly,Outbound
666,2024-11-01,monthly,Outbound
667,2024-11-01,monthly,Inbound
668,2024-11-01,annual,Outbound
669,2024-11-01,annual,Inbound
670,2024-11-01,monthly,Inbound
671,2024-11-01,monthly,Partner
672,2024-11-01,annual,Inbound
673,2024-11-01,monthly,Outbound
674,2024-11-01,annual,Outbound
675,2024-11-01,monthly,Outbound
676,2024-11-01,annual,Outbound
677,2024-11-01,monthly,Inbound
678,2024-11-01,annual,Inbound
679,2024-11-01,monthly,Inbound
680,2024-11-01,monthly,Partner
681,2024-11-01,annual,Inbound
682,2024-11-01,monthly,Outbound
683,2024-11-01,monthly,Outbound
684,2024-11-01,monthly,Inbound
685,2024-11-01,monthly,Inbound
686,2024-12-01,annual,Inbound
687,2024-12-01,monthly,Inbound
688,2024-12-01,monthly,Inbound
689,2024-12-01,annual,Outbound
690,2024-12-01,monthly,Inbound
691,2024-12-01,monthly,Outbound
692,2024-12-01,monthly,Outbound
693,2024-12-01,annual,Inbound
694,2024-12-01,monthly,Partner
695,2024-12-01,annual,Outbound
696,2024-12-01,annual,Inbound
697,2024-12-01,annual,Inbound
698,2024-12-01,monthly,Outbound
699,2024-12-01,monthly,Partner
700,2024-12-01,monthly,Inbound
701,2024-12-01,monthly,Outbound
702,2024-12-01,monthly,Inbound
703,2024-12-01,monthly,Outbound
704,2024-12-01,monthly,Outbound
705,2024-12-01,monthly,Outbound
706,2024-12-01,monthly,Inbound
707,2024-12-01,annual,Inbound
708,2024-12-01,annual,Outbound
709,2024-12-01,monthly,Outbound
710,2024-12-01,monthly,Inbound
711,2024-12-01,monthly,Outbound
712,2024-12-01,monthly,Partner
713,2024-12-01,annual,Outbound
714,2024-12-01,annual,Partner
715,2024-12-01,monthly,Inbound
716,2024-12-01,monthly,Inbound
717,2024-12-01,monthly,Inbound
718,2024-12-01,annual,Outbound
719,2024-12-01,monthly,Partner
720,2024-12-01,monthly,Inbound
721,2025-01-01,monthly,Inbound
722,2025-01-01,monthly,Inbound
723,2025-01-01,annual,Partner
724,2025-01-01,monthly,Inbound
725,2025-01-01,annual,Outbound
726,2025-01-01,monthly,Partner
727,2025-01-01,monthly,Inbound
728,2025-01-01,monthly,Partner
729,2025-01-01,annual,Inbound
730,2025-01-01,monthly,Partner
731,2025-01-01,monthly,Outbound
732,2025-01-01,monthly,Inbound
733,2025-01-01,monthly,Outbound
734,2025-01-01,monthly,Outbound
735,2025-01-01,monthly,Partner
736,2025-01-01,annual,Outbound
737,2025-01-01,monthly,Outbound
738,2025-01-01,monthly,Inbound
739,2025-01-01,monthly,Partner
740,2025-01-01,monthly,Outbound
741,2025-01-01,monthly,Inbound
742,2025-01-01,monthly,Inbound
743,2025-01-01,monthly,Outbound
744,2025-01-01,monthly,Outbound
745,2025-01-01,monthly,Outbound
746,2025-01-01,monthly,Outbound
747,2025-01-01,monthly,Inbound
748,2025-01-01,annual,Inbound
749,2025-01-01,monthly,Inbound
750,2025-01-01,monthly,Outbound
751,2025-02-01,monthly,Partner
752,2025-02-01,monthly,Inbound
753,2025-02-01,monthly,Outbound
754,2025-02-01,monthly,Inbound
755,2025-02-01,monthly,Inbound
756,2025-02-01,monthly,Inbound
757,2025-02-01,monthly,Outbound
758,2025-02-01,monthly,Outbound
759,2025-02-01,annual,Outbound
760,2025-02-01,monthly,Partner
761,2025-02-01,monthly,Partner
762,2025-02-01,annual,Inbound
763,2025-02-01,monthly,Outbound
764,2025-02-01,annual,Outbound
765,2025-02-01,annual,Outbound
766,2025-02-01,annual,Inbound
767,2025-02-01,annual,Outbound
768,2025-02-01,monthly,Inbound
769,2025-02-01,monthly,Inbound
770,2025-02-01,monthly,Inbound
771,2025-02-01,monthly,Inbound
772,2025-02-01,monthly,Outbound
773,2025-02-01,annual,Partner
774,2025-02-01,monthly,Outbound
775,2025-02-01,monthly,Partner
776,2025-02-01,annual,Inbound
777,2025-02-01,monthly,Outbound
778,2025-02-01,monthly,Partner
779,2025-02-01,annual,Inbound
780,2025-02-01,monthly,Partner
781,2025-02-01,annual,Outbound
782,2025-02-01,monthly,Partner
783,2025-02-01,annual,Partner
784,2025-02-01,monthly,Inbound
785,2025-02-01,monthly,Inbound
786,2025-02-01,annual,Partner
787,2025-02-01,monthly,Outbound
788,2025-02-01,monthly,Outbound
789,2025-03-01,monthly,Outbound
790,2025-03-01,monthly,Inbound
791,2025-03-01,annual,Partner
792,2025-03-01,monthly,Inbound
793,2025-03-01,monthly,Partner
794,2025-03-01,monthly,Inbound
795,2025-03-01,monthly,Outbound
796,2025-03-01,monthly,Inbound
797,2025-03-01,monthly,Inbound
798,2025-03-01,monthly,Inbound
799,2025-03-01,monthly,Inbound
800,2025-03-01,monthly,Outbound
801,2025-03-01,monthly,Inbound
802,2025-03-01,monthly,Inbound
803,2025-03-01,monthly,Inbound
804,2025-03-01,annual,Inbound
805,2025-03-01,monthly,Outbound
806,2025-03-01,monthly,Outbound
807,2025-03-01,annual,Inbound
808,2025-03-01,monthly,Outbound
809,2025-03-01,monthly,Inbound
810,2025-03-01,annual,Inbound
811,2025-03-01,monthly,Inbound
812,2025-03-01,monthly,Outbound
813,2025-03-01,monthly,Inbound
814,2025-03-01,monthly,Inbound
815,2025-03-01,monthly,Inbound
816,2025-03-01,monthly,Outbound
817,2025-03-01,annual,Outbound
818,2025-03-01,monthly,Inbound
819,2025-03-01,monthly,Inbound
820,2025-03-01,monthly,Inbound
821,2025-03-01,monthly,Inbound
822,2025-03-01,annual,Inbound
823,2025-03-01,monthly,Inbound
824,2025-03-01,monthly,Inbound
825,2025-03-01,annual,Inbound
826,2025-03-01,monthly,Partner
827,2025-03-01,monthly,Inbound
828,2025-03-01,monthly,Inbound
829,2025-03-01,monthly,Inbound
830,2025-04-01,monthly,Inbound
831,2025-04-01,annual,Inbound
832,2025-04-01,monthly,Inbound
833,2025-04-01,monthly,Partner
834,2025-04-01,monthly,Inbound
835,2025-04-01,annual,Partner
836,2025-04-01,monthly,Outbound
837,2025-04-01,monthly,Inbound
838,2025-04-01,annual,Inbound
839,2025-04-01,monthly,Partner
840,2025-04-01,monthly,Inbound
841,2025-04-01,monthly,Outbound
842,2025-04-01,monthly,Inbound
843,2025-04-01,monthly,Inbound
844,2025-04-01,monthly,Outbound
845,2025-04-01,monthly,Partner
846,2025-04-01,monthly,Outbound
847,2025-04-01,monthly,Outbound
848,2025-04-01,monthly,Inbound
849,2025-04-01,monthly,Partner
850,2025-04-01,monthly,Inbound
851,2025-04-01,monthly,Partner
852,2025-04-01,monthly,Inbound
853,2025-04-01,monthly,Outbound
854,2025-04-01,monthly,Inbound
855,2025-04-01,monthly,Outbound
856,2025-04-01,monthly,Outbound
857,2025-04-01,annual,Inbound
858,2025-04-01,annual,Inbound
859,2025-04-01,annual,Inbound
860,2025-04-01,annual,Inbound
861,2025-04-01,monthly,Partner
862,2025-04-01,monthly,Inbound
863,2025-04-01,monthly,Outbound
864,2025-05-01,monthly,Outbound
865,2025-05-01,monthly,Inbound
866,2025-05-01,annual,Outbound
867,2025-05-01,monthly,Inbound
868,2025-05-01,monthly,Outbound
869,2025-05-01,monthly,Outbound
870,2025-05-01,monthly,Outbound
871,2025-05-01,monthly,Inbound
872,2025-05-01,monthly,Inbound
873,2025-05-01,monthly,Partner
874,2025-05-01,monthly,Inbound
875,2025-05-01,monthly,Inbound
876,2025-05-01,annual,Inbound
877,2025-05-01,monthly,Outbound
878,2025-05-01,annual,Outbound
879,2025-05-01,monthly,Inbound
880,2025-05-01,annual,Inbound
881,2025-05-01,annual,Inbound
882,2025-05-01,monthly,Partner
883,2025-05-01,monthly,Inbound
884,2025-05-01,monthly,Inbound
885,2025-05-01,annual,Outbound
886,2025-05-01,monthly,Inbound
887,2025-05-01,monthly,Inbound
888,2025-05-01,annual,Outbound
889,2025-05-01,monthly,Inbound
890,2025-05-01,monthly,Partner
891,2025-05-01,monthly,Partner
892,2025-05-01,monthly,Outbound
893,2025-05-01,monthly,Outbound
894,2025-05-01,annual,Partner
895,2025-05-01,monthly,Inbound
896,2025-05-01,monthly,Inbound
897,2025-05-01,monthly,Outbound
898,2025-05-01,monthly,Inbound
899,2025-05-01,annual,Inbound
900,2025-05-01,monthly,Outbound
901,2025-05-01,annual,Inbound
902,2025-06-01,monthly,Outbound
903,2025-06-01,annual,Inbound
904,2025-06-01,annual,Partner
905,2025-06-01,monthly,Inbound
906,2025-06-01,monthly,Outbound
907,2025-06-01,monthly,Outbound
908,2025-06-01,annual,Partner
909,2025-06-01,annual,Inbound
910,2025-06-01,monthly,Inbound
911,2025-06-01,monthly,Inbound
912,2025-06-01,monthly,Outbound
913,2025-06-01,annual,Outbound
914,2025-06-01,monthly,Inbound
915,2025-06-01,monthly,Outbound
916,2025-06-01,monthly,Inbound
917,2025-06-01,monthly,Partner
918,2025-06-01,monthly,Inbound
919,2025-06-01,monthly,Inbound
920,2025-06-01,monthly,Outbound
921,2025-06-01,annual,Inbound
922,2025-06-01,monthly,Outbound
923,2025-06-01,monthly,Outbound
924,2025-06-01,monthly,Outbound
925,2025-06-01,monthly,Partner
926,2025-06-01,annual,Inbound
927,2025-06-01,monthly,Inbound
928,2025-06-01,monthly,Partner
929,2025-06-01,monthly,Outbound
930,2025-06-01,monthly,Outbound
931,2025-06-01,monthly,Outbound
932,2025-06-01,monthly,Inbound
933,2025-06-01,annual,Outbound
934,2025-06-01,monthly,Outbound
935,2025-06-01,monthly,Partner
936,2025-06-01,annual,Inbound
937,2025-06-01,monthly,Outbound
938,2025-06-01,monthly,Outbound
939,2025-06-01,monthly,Inbound
940,2025-06-01,annual,Outbound
941,2025-06-01,monthly,Inbound
942,2025-07-01,annual,Inbound
943,2025-07-01,annual,Outbound
944,2025-07-01,monthly,Inbound
945,2025-07-01,annual,Outbound
946,2025-07-01,monthly,Inbound
947,2025-07-01,monthly,Inbound
948,2025-07-01,monthly,Partner
949,2025-07-01,monthly,Inbound
950,2025-07-01,monthly,Inbound
951,2025-07-01,monthly,Inbound
952,2025-07-01,monthly,Outbound
953,2025-07-01,annual,Inbound
954,2025-07-01,monthly,Inbound
955,2025-07-01,monthly,Partner
956,2025-07-01,monthly,Outbound
957,2025-07-01,annual,Outbound
958,2025-07-01,monthly,Inbound
959,2025-07-01,monthly,Inbound
960,2025-07-01,monthly,Inbound
961,2025-07-01,annual,Partner
962,2025-07-01,monthly,Outbound
963,2025-07-01,annual,Partner
964,2025-07-01,annual,Inbound
965,2025-07-01,monthly,Inbound
966,2025-07-01,monthly,Partner
967,2025-07-01,monthly,Partner
968,2025-07-01,monthly,Outbound
969,2025-07-01,monthly,Outbound
970,2025-07-01,annual,Outbound
971,2025-07-01,annual,Partner
972,2025-07-01,monthly,Inbound
973,2025-07-01,monthly,Partner
974,2025-07-01,monthly,Inbound
975,2025-07-01,monthly,Outbound
976,2025-07-01,monthly,Outbound
977,2025-07-01,annual,Partner
978,2025-07-01,monthly,Inbound
979,2025-07-01,annual,Outbound
980,2025-07-01,monthly,Outbound
981,2025-07-01,annual,Inbound
982,2025-07-01,monthly,Partner
983,2025-07-01,annual,Outbound
984,2025-07-01,monthly,Outbound
985,2025-08-01,monthly,Outbound
986,2025-08-01,monthly,Inbound
987,2025-08-01,monthly,Inbound
988,2025-08-01,monthly,Outbound
989,2025-08-01,annual,Inbound
990,2025-08-01,monthly,Inbound
991,2025-08-01,monthly,Inbound
992,2025-08-01,monthly,Outbound
993,2025-08-01,monthly,Inbound
994,2025-08-01,annual,Outbound
995,2025-08-01,monthly,Outbound
996,2025-08-01,annual,Partner
997,2025-08-01,monthly,Inbound
998,2025-08-01,monthly,Outbound
999,2025-08-01,annual,Inbound
1000,2025-08-01,monthly,Inbound
1001,2025-08-01,monthly,Inbound
1002,2025-08-01,annual,Outbound
1003,2025-08-01,monthly,Inbound
1004,2025-08-01,monthly,Outbound
1005,2025-08-01,monthly,Inbound
1006,2025-08-01,monthly,Outbound
1007,2025-08-01,monthly,Inbound
1008,2025-08-01,monthly,Outbound
1009,2025-08-01,annual,Partner
1010,2025-08-01,monthly,Outbound
1011,2025-08-01,monthly,Outbound
1012,2025-08-01,monthly,Partner
1013,2025-08-01,monthly,Partner
1014,2025-08-01,monthly,Inbound
1015,2025-08-01,annual,Inbound
1016,2025-08-01,monthly,Inbound
1017,2025-08-01,annual,Inbound
1018,2025-08-01,annual,Partner
1019,2025-08-01,monthly,Partner
1020,2025-08-01,monthly,Inbound
1021,2025-08-01,monthly,Partner
1022,2025-09-01,monthly,Inbound
1023,2025-09-01,monthly,Outbound
1024,2025-09-01,monthly,Inbound
1025,2025-09-01,monthly,Inbound
1026,2025-09-01,annual,Outbound
1027,2025-09-01,monthly,Partner
1028,2025-09-01,annual,Partner
1029,2025-09-01,monthly,Inbound
1030,2025-09-01,monthly,Outbound
1031,2025-09-01,monthly,Outbound
1032,2025-09-01,monthly,Outbound
1033,2025-09-01,annual,Inbound
1034,2025-09-01,monthly,Partner
1035,2025-09-01,monthly,Inbound
1036,2025-09-01,annual,Inbound
1037,2025-09-01,monthly,Outbound
1038,2025-09-01,monthly,Inbound
1039,2025-09-01,monthly,Outbound
1040,2025-09-01,monthly,Outbound
1041,2025-09-01,monthly,Inbound
1042,2025-09-01,monthly,Outbound
1043,2025-09-01,monthly,Partner
1044,2025-09-01,monthly,Inbound
1045,2025-09-01,monthly,Outbound
1046,2025-09-01,monthly,Inbound
1047,2025-09-01,annual,Outbound
1048,2025-09-01,monthly,Inbound
1049,2025-09-01,annual,Outbound
1050,2025-09-01,monthly,Outbound
1051,2025-09-01,annual,Outbound
1052,2025-09-01,monthly,Inbound
1053,2025-09-01,monthly,Outbound
1054,2025-09-01,annual,Inbound
1055,2025-09-01,monthly,Inbound
1056,2025-09-01,monthly,Inbound
1057,2025-09-01,monthly,Inbound
1058,2025-09-01,monthly,Outbound
1059,2025-09-01,monthly,Inbound
1060,2025-09-01,monthly,Inbound
1061,2025-09-01,monthly,Inbound
1062,2025-09-01,annual,Outbound
1063,2025-09-01,monthly,Partner
1064,2025-09-01,monthly,Inbound
1065,2025-09-01,monthly,Inbound
1066,2025-09-01,annual,Outbound
1067,2025-09-01,annual,Partner
1068,2025-09-01,annual,Partner
1069,2025-09-01,monthly,Inbound
1070,2025-09-01,monthly,Outbound
1071,2025-10-01,monthly,Partner
1072,2025-10-01,annual,Inbound
1073,2025-10-01,monthly,Inbound
1074,2025-10-01,monthly,Outbound
1075,2025-10-01,monthly,Inbound
1076,2025-10-01,monthly,Inbound
1077,2025-10-01,monthly,Outbound
1078,2025-10-01,monthly,Inbound
1079,2025-10-01,monthly,Outbound
1080,2025-10-01,monthly,Inbound
1081,2025-10-01,monthly,Inbound
1082,2025-10-01,annual,Outbound
1083,2025-10-01,monthly,Partner
1084,2025-10-01,monthly,Outbound
1085,2025-10-01,annual,Outbound
1086,2025-10-01,monthly,Inbound
1087,2025-10-01,annual,Partner
1088,2025-10-01,annual,Outbound
1089,2025-10-01,annual,Outbound
1090,2025-10-01,monthly,Inbound
1091,2025-10-01,annual,Inbound
1092,2025-10-01,annual,Inbound
1093,2025-10-01,monthly,Inbound
1094,2025-10-01,monthly,Outbound
1095,2025-10-01,annual,Outbound
1096,2025-10-01,annual,Inbound
1097,2025-10-01,monthly,Outbound
1098,2025-10-01,annual,Inbound
1099,2025-10-01,monthly,Outbound
1100,2025-10-01,monthly,Inbound
1101,2025-10-01,monthly,Partner
1102,2025-10-01,annual,Outbound
1103,2025-10-01,monthly,Inbound
1104,2025-10-01,monthly,Inbound
1105,2025-10-01,monthly,Inbound
1106,2025-10-01,annual,Partner
1107,2025-10-01,annual,Inbound
1108,2025-10-01,monthly,Outbound
1109,2025-10-01,monthly,Inbound
1110,2025-10-01,monthly,Inbound
1111,2025-10-01,annual,Inbound
1112,2025-10-01,monthly,Inbound
1113,2025-10-01,monthly,Partner
1114,2025-10-01,annual,Outbound
1115,2025-11-01,monthly,Partner
1116,2025-11-01,monthly,Inbound
1117,2025-11-01,monthly,Outbound
1118,2025-11-01,monthly,Inbound
1119,2025-11-01,monthly,Partner
1120,2025-11-01,monthly,Inbound
1121,2025-11-01,annual,Outbound
1122,2025-11-01,annual,Partner
1123,2025-11-01,monthly,Partner
1124,2025-11-01,annual,Inbound
1125,2025-11-01,monthly,Inbound
1126,2025-11-01,monthly,Outbound
1127,2025-11-01,monthly,Outbound
1128,2025-11-01,monthly,Outbound
1129,2025-11-01,monthly,Partner
1130,2025-11-01,annual,Outbound
1131,2025-11-01,monthly,Outbound
1132,2025-11-01,monthly,Outbound
1133,2025-11-01,monthly,Partner
1134,2025-11-01,monthly,Partner
1135,2025-11-01,annual,Outbound
1136,2025-11-01,annual,Inbound
1137,2025-11-01,monthly,Inbound
1138,2025-11-01,monthly,Partner
1139,2025-11-01,annual,Inbound
1140,2025-11-01,monthly,Partner
1141,2025-11-01,annual,Inbound
1142,2025-11-01,monthly,Outbound
1143,2025-11-01,monthly,Inbound
1144,2025-11-01,monthly,Inbound
1145,2025-11-01,annual,Partner
1146,2025-11-01,monthly,Partner
1147,2025-11-01,annual,Outbound
1148,2025-11-01,monthly,Inbound
1149,2025-11-01,annual,Outbound
1150,2025-11-01,annual,Partner
1151,2025-11-01,monthly,Outbound
1152,2025-11-01,monthly,Outbound
1153,2025-11-01,annual,Partner
1154,2025-11-01,monthly,Partner
1155,2025-11-01,monthly,Outbound
1156,2025-11-01,annual,Inbound
1157,2025-11-01,monthly,Outbound
1158,2025-11-01,monthly,Outbound
1159,2025-11-01,monthly,Outbound
1160,2025-11-01,annual,Inbound
1161,2025-11-01,monthly,Partner
1162,2025-11-01,monthly,Outbound
1163,2025-11-01,monthly,Inbound
1164,2025-11-01,monthly,Partner
1165,2025-11-01,monthly,Partner
1166,2025-12-01,monthly,Inbound
1167,2025-12-01,monthly,Partner
1168,2025-12-01,monthly,Inbound
1169,2025-12-01,monthly,Outbound
1170,2025-12-01,monthly,Inbound
1171,2025-12-01,monthly,Inbound
1172,2025-12-01,monthly,Outbound
1173,2025-12-01,annual,Inbound
1174,2025-12-01,monthly,Inbound
1175,2025-12-01,monthly,Partner
1176,2025-12-01,monthly,Outbound
1177,2025-12-01,annual,Outbound
1178,2025-12-01,annual,Inbound
1179,2025-12-01,annual,Partner
1180,2025-12-01,monthly,Partner
1181,2025-12-01,annual,Inbound
1182,2025-12-01,monthly,Inbound
1183,2025-12-01,annual,Inbound
1184,2025-12-01,monthly,Inbound
1185,2025-12-01,monthly,Inbound
1186,2025-12-01,monthly,Outbound
1187,2025-12-01,annual,Inbound
1188,2025-12-01,monthly,Partner
1189,2025-12-01,annual,Partner
1190,2025-12-01,annual,Inbound
1191,2025-12-01,monthly,Inbound
1192,2025-12-01,monthly,Inbound
1193,2025-12-01,monthly,Outbound
1194,2025-12-01,monthly,Inbound
1195,2025-12-01,monthly,Outbound
1196,2025-12-01,monthly,Inbound
1197,2025-12-01,monthly,Partner
1198,2025-12-01,annual,Outbound
1199,2025-12-01,annual,Inbound
1200,2025-12-01,annual,Inbound
1201,2025-12-01,monthly,Inbound
1202,2026-01-01,monthly,Partner
1203,2026-01-01,monthly,Outbound
1204,2026-01-01,monthly,Inbound
1205,2026-01-01,monthly,Partner
1206,2026-01-01,monthly,Partner
1207,2026-01-01,monthly,Partner
1208,2026-01-01,monthly,Inbound
1209,2026-01-01,monthly,Outbound
1210,2026-01-01,monthly,Outbound
1211,2026-01-01,monthly,Inbound
1212,2026-01-01,monthly,Inbound
1213,2026-01-01,annual,Outbound
1214,2026-01-01,monthly,Partner
1215,2026-01-01,monthly,Inbound
1216,2026-01-01,monthly,Inbound
1217,2026-01-01,monthly,Inbound
1218,2026-01-01,monthly,Inbound
1219,2026-01-01,monthly,Inbound
1220,2026-01-01,annual,Outbound
1221,2026-01-01,monthly,Inbound
1222,2026-01-01,annual,Inbound
1223,2026-01-01,monthly,Partner
1224,2026-01-01,monthly,Partner
1225,2026-01-01,monthly,Partner
1226,2026-01-01,monthly,Inbound
1227,2026-01-01,monthly,Outbound
1228,2026-01-01,monthly,Outbound
1229,2026-01-01,monthly,Inbound
1230,2026-01-01,monthly,Inbound
1231,2026-01-01,monthly,Partner
1232,2026-01-01,monthly,Inbound
1233,2026-01-01,monthly,Outbound
1234,2026-01-01,monthly,Inbound
1235,2026-01-01,monthly,Inbound
1236,2026-01-01,annual,Inbound
1237,2026-01-01,annual,Inbound
1238,2026-01-01,annual,Partner
1239,2026-01-01,annual,Inbound
1240,2026-01-01,annual,Inbound
1241,2026-01-01,annual,Inbound
1242,2026-01-01,monthly,Partner
1243,2026-01-01,annual,Inbound
1244,2026-01-01,monthly,Inbound
1245,2026-01-01,annual,Outbound
1246,2026-01-01,annual,Inbound
1247,2026-02-01,monthly,Inbound
1248,2026-02-01,monthly,Inbound
1249,2026-02-01,monthly,Inbound
1250,2026-02-01,monthly,Partner
1251,2026-02-01,annual,Partner
1252,2026-02-01,annual,Inbound
1253,2026-02-01,annual,Partner
1254,2026-02-01,annual,Inbound
1255,2026-02-01,annual,Partner
1256,2026-02-01,monthly,Partner
1257,2026-02-01,monthly,Inbound
1258,2026-02-01,monthly,Outbound
1259,2026-02-01,monthly,Inbound
1260,2026-02-01,annual,Outbound
1261,2026-02-01,monthly,Outbound
1262,2026-02-01,annual,Outbound
1263,2026-02-01,monthly,Inbound
1264,2026-02-01,monthly,Inbound
1265,2026-02-01,monthly,Outbound
1266,2026-02-01,monthly,Inbound
1267,2026-02-01,monthly,Inbound
1268,2026-02-01,monthly,Inbound
1269,2026-02-01,monthly,Inbound
1270,2026-02-01,monthly,Inbound
1271,2026-02-01,monthly,Outbound
1272,2026-02-01,monthly,Outbound
1273,2026-02-01,monthly,Partner
1274,2026-02-01,annual,Outbound
1275,2026-02-01,annual,Inbound
1276,2026-02-01,monthly,Inbound
1277,2026-02-01,annual,Partner
1278,2026-02-01,monthly,Inbound
1279,2026-02-01,monthly,Outbound
1280,2026-02-01,monthly,Outbound
1281,2026-02-01,monthly,Inbound
1282,2026-02-01,monthly,Inbound
1283,2026-02-01,monthly,Outbound
1284,2026-02-01,monthly,Outbound
1285,2026-02-01,monthly,Inbound
1286,2026-02-01,monthly,Inbound
1287,2026-02-01,monthly,Inbound
1288,2026-02-01,monthly,Inbound
1289,2026-02-01,monthly,Outbound
1290,2026-02-01,monthly,Inbound
1291,2026-02-01,annual,Outbound
1292,2026-02-01,monthly,Inbound
1293,2026-02-01,annual,Partner
1294,2026-02-01,monthly,Outbound
1295,2026-02-01,annual,Inbound
1296,2026-02-01,annual,Outbound
1297,2026-02-01,annual,Partner
1298,2026-02-01,monthly,Outbound
1299,2026-02-01,monthly,Inbound
1300,2026-03-01,monthly,Inbound
1301,2026-03-01,monthly,Inbound
1302,2026-03-01,monthly,Partner
1303,2026-03-01,monthly,Outbound
1304,2026-03-01,annual,Outbound
1305,2026-03-01,monthly,Partner
1306,2026-03-01,monthly,Inbound
1307,2026-03-01,monthly,Inbound
1308,2026-03-01,annual,Inbound
1309,2026-03-01,monthly,Outbound
1310,2026-03-01,monthly,Outbound
1311,2026-03-01,monthly,Inbound
1312,2026-03-01,monthly,Partner
1313,2026-03-01,annual,Outbound
1314,2026-03-01,monthly,Outbound
1315,2026-03-01,monthly,Inbound
1316,2026-03-01,monthly,Outbound
1317,2026-03-01,annual,Inbound
1318,2026-03-01,monthly,Partner
1319,2026-03-01,monthly,Inbound
1320,2026-03-01,annual,Partner
1321,2026-03-01,monthly,Outbound
1322,2026-03-01,monthly,Outbound
1323,2026-03-01,monthly,Outbound
1324,2026-03-01,monthly,Inbound
1325,2026-03-01,monthly,Inbound
1326,2026-03-01,monthly,Partner
1327,2026-03-01,annual,Inbound
1328,2026-03-01,monthly,Inbound
1329,2026-03-01,monthly,Outbound
1330,2026-03-01,monthly,Outbound
1331,2026-03-01,monthly,Inbound
1332,2026-03-01,annual,Outbound
1333,2026-03-01,monthly,Inbound
1334,2026-03-01,annual,Partner
1335,2026-03-01,monthly,Partner
1336,2026-03-01,monthly,Outbound
1337,2026-03-01,monthly,Inbound
1338,2026-03-01,monthly,Partner
1339,2026-03-01,monthly,Inbound
1340,2026-03-01,monthly,Inbound
1341,2026-03-01,monthly,Outbound
1342,2026-03-01,monthly,Outbound
1343,2026-03-01,annual,Inbound
1344,2026-03-01,annual,Inbound
1345,2026-04-01,annual,Outbound
1346,2026-04-01,monthly,Partner
1347,2026-04-01,monthly,Inbound
1348,2026-04-01,monthly,Partner
1349,2026-04-01,monthly,Inbound
1350,2026-04-01,monthly,Partner
1351,2026-04-01,monthly,Inbound
1352,2026-04-01,annual,Inbound
1353,2026-04-01,monthly,Outbound
1354,2026-04-01,monthly,Partner
1355,2026-04-01,monthly,Partner
1356,2026-04-01,monthly,Outbound
1357,2026-04-01,monthly,Inbound
1358,2026-04-01,monthly,Outbound
1359,2026-04-01,annual,Partner
1360,2026-04-01,annual,Partner
1361,2026-04-01,monthly,Inbound
1362,2026-04-01,monthly,Inbound
1363,2026-04-01,monthly,Inbound
1364,2026-04-01,monthly,Partner
1365,2026-04-01,monthly,Inbound
1366,2026-04-01,annual,Outbound
1367,2026-04-01,annual,Outbound
1368,2026-04-01,annual,Outbound
1369,2026-04-01,annual,Inbound
1370,2026-04-01,annual,Outbound
1371,2026-04-01,annual,Inbound
1372,2026-04-01,monthly,Partner
1373,2026-04-01,monthly,Partner
1374,2026-04-01,annual,Inbound
1375,2026-04-01,monthly,Inbound
1376,2026-04-01,annual,Outbound
1377,2026-04-01,annual,Inbound
1378,2026-04-01,monthly,Outbound
1379,2026-04-01,annual,Partner
1380,2026-04-01,annual,Inbound
1381,2026-04-01,monthly,Partner
1382,2026-04-01,monthly,Partner
1383,2026-04-01,monthly,Inbound
1384,2026-04-01,monthly,Inbound
1385,2026-04-01,monthly,Inbound
1386,2026-04-01,monthly,Outbound
1387,2026-04-01,monthly,Outbound
1388,2026-05-01,monthly,Inbound
1389,2026-05-01,monthly,Partner
1390,2026-05-01,monthly,Partner
1391,2026-05-01,monthly,Inbound
1392,2026-05-01,monthly,Inbound
1393,2026-05-01,annual,Inbound
1394,2026-05-01,annual,Inbound
1395,2026-05-01,annual,Partner
1396,2026-05-01,monthly,Outbound
1397,2026-05-01,monthly,Partner
1398,2026-05-01,monthly,Inbound
1399,2026-05-01,annual,Inbound
1400,2026-05-01,monthly,Inbound
1401,2026-05-01,annual,Inbound
1402,2026-05-01,annual,Inbound
1403,2026-05-01,monthly,Partner
1404,2026-05-01,annual,Outbound
1405,2026-05-01,monthly,Partner
1406,2026-05-01,monthly,Outbound
1407,2026-05-01,monthly,Inbound
1408,2026-05-01,monthly,Inbound
1409,2026-05-01,monthly,Inbound
1410,2026-05-01,monthly,Partner
1411,2026-05-01,annual,Outbound
1412,2026-05-01,monthly,Partner
1413,2026-05-01,monthly,Outbound
1414,2026-05-01,monthly,Outbound
1415,2026-05-01,monthly,Inbound
1416,2026-05-01,monthly,Partner
1417,2026-05-01,monthly,Inbound
1418,2026-05-01,monthly,Partner
1419,2026-05-01,annual,Partner
1420,2026-05-01,monthly,Partner
1421,2026-05-01,annual,Inbound
1422,2026-05-01,monthly,Outbound
1423,2026-05-01,annual,Inbound
1424,2026-05-01,monthly,Inbound
1425,2026-06-01,monthly,Inbound
1426,2026-06-01,monthly,Inbound
1427,2026-06-01,monthly,Outbound
1428,2026-06-01,annual,Inbound
1429,2026-06-01,annual,Outbound
1430,2026-06-01,monthly,Outbound
1431,2026-06-01,monthly,Inbound
1432,2026-06-01,monthly,Inbound
1433,2026-06-01,annual,Outbound
1434,2026-06-01,monthly,Inbound
1435,2026-06-01,annual,Outbound
1436,2026-06-01,monthly,Outbound
1437,2026-06-01,annual,Partner
1438,2026-06-01,annual,Inbound
1439,2026-06-01,monthly,Outbound
1440,2026-06-01,monthly,Outbound
1441,2026-06-01,monthly,Partner
1442,2026-06-01,annual,Inbound
1443,2026-06-01,annual,Partner
1444,2026-06-01,annual,Outbound
1445,2026-06-01,monthly,Outbound
1446,2026-06-01,monthly,Inbound
1447,2026-06-01,monthly,Outbound
1448,2026-06-01,monthly,Inbound
1449,2026-06-01,monthly,Partner
1450,2026-06-01,monthly,Outbound
1451,2026-06-01,annual,Inbound
1452,2026-06-01,annual,Inbound
1453,2026-06-01,monthly,Inbound
1454,2026-06-01,monthly,Partner
1455,2026-06-01,monthly,Inbound
1456,2026-06-01,monthly,Outbound
1457,2026-06-01,monthly,Inbound
1458,2026-06-01,annual,Inbound
1459,2026-06-01,monthly,Inbound
1460,2026-06-01,monthly,Inbound
1461,2026-06-01,monthly,Inbound
1462,2026-06-01,monthly,Outbound
1463,2026-06-01,monthly,Outbound
1464,2026-06-01,annual,Inbound
1465,2026-06-01,monthly,Inbound
1466,2026-06-01,annual,Outbound
1467,2026-06-01,annual,Partner
1468,2026-06-01,monthly,Inbound
1469,2026-06-01,annual,Inbound
1470,2026-07-01,monthly,Inbound
1471,2026-07-01,monthly,Outbound
1472,2026-07-01,annual,Inbound
1473,2026-07-01,annual,Outbound
1474,2026-07-01,monthly,Outbound
1475,2026-07-01,monthly,Inbound
1476,2026-07-01,monthly,Partner
1477,2026-07-01,monthly,Inbound
1478,2026-07-01,annual,Inbound
1479,2026-07-01,monthly,Partner
1480,2026-07-01,monthly,Partner
1481,2026-07-01,monthly,Partner
1482,2026-07-01,monthly,Outbound
1483,2026-07-01,monthly,Inbound
1484,2026-07-01,monthly,Outbound
1485,2026-07-01,monthly,Inbound
1486,2026-07-01,annual,Inbound
1487,2026-07-01,monthly,Inbound
1488,2026-07-01,monthly,Inbound
1489,2026-07-01,monthly,Inbound
1490,2026-07-01,monthly,Inbound
1491,2026-07-01,monthly,Inbound
1492,2026-07-01,monthly,Partner
1493,2026-07-01,annual,Inbound
1494,2026-07-01,monthly,Inbound
1495,2026-07-01,monthly,Outbound
1496,2026-07-01,monthly,Outbound
1497,2026-07-01,monthly,Inbound
1498,2026-07-01,monthly,Inbound
1499,2026-07-01,monthly,Inbound
1500,2026-07-01,monthly,Outbound
1501,2026-07-01,annual,Inbound
1502,2026-07-01,monthly,Outbound
1503,2026-07-01,annual,Outbound
1504,2026-07-01,annual,Inbound
1505,2026-07-01,monthly,Outbound
1506,2026-08-01,monthly,Inbound
1507,2026-08-01,monthly,Outbound
1508,2026-08-01,monthly,Outbound
1509,2026-08-01,monthly,Outbound
1510,2026-08-01,annual,Inbound
1511,2026-08-01,annual,Inbound
1512,2026-08-01,annual,Outbound
1513,2026-08-01,monthly,Inbound
1514,2026-08-01,monthly,Inbound
1515,2026-08-01,annual,Inbound
1516,2026-08-01,monthly,Inbound
1517,2026-08-01,annual,Inbound
1518,2026-08-01,monthly,Inbound
1519,2026-08-01,monthly,Partner
1520,2026-08-01,annual,Inbound
1521,2026-08-01,monthly,Inbound
1522,2026-08-01,annual,Inbound
1523,2026-08-01,monthly,Partner
1524,2026-08-01,monthly,Inbound
1525,2026-08-01,annual,Inbound
1526,2026-08-01,monthly,Inbound
1527,2026-08-01,annual,Outbound
1528,2026-08-01,monthly,Inbound
1529,2026-08-01,monthly,Partner
1530,2026-08-01,monthly,Inbound
1531,2026-08-01,monthly,Outbound
1532,2026-08-01,monthly,Inbound
1533,2026-08-01,annual,Partner
1534,2026-08-01,monthly,Inbound
1535,2026-08-01,monthly,Inbound
1536,2026-08-01,annual,Inbound
1537,2026-08-01,monthly,Inbound
1538,2026-08-01,monthly,Outbound
1539,2026-08-01,monthly,Inbound
1540,2026-08-01,monthly,Inbound
1541,2026-08-01,monthly,Inbound
1542,2026-08-01,monthly,Outbound
1543,2026-08-01,monthly,Outbound
1544,2026-08-01,annual,Inbound
1545,2026-08-01,monthly,Outbound
1546,2026-08-01,annual,Inbound
1547,2026-08-01,monthly,Inbound
1548,2026-08-01,monthly,Partner
