month,sales_and_marketing
2023-01-01,178700.0
2023-02-01,186300.0
2023-03-01,187200.0
2023-04-01,189100.0
2023-05-01,204300.0
2023-06-01,209200.0
2023-07-01,176400.0
2023-08-01,193300.0
2023-09-01,219100.0
2023-10-01,190400.0
2023-11-01,205000.0
2023-12-01,202100.0
2024-01-01,214700.0
2024-02-01,224800.0
2024-03-01,222100.0
2024-04-01,207000.0
2024-05-01,227300.0
2024-06-01,234000.0
2024-07-01,209600.0
2024-08-01,235600.0
2024-09-01,211000.0
2024-10-01,231900.0
2024-11-01,231800.0
2024-12-01,225500.0
2025-01-01,253700.0
2025-02-01,257700.0
2025-03-01,259400.0
2025-04-01,262900.0
2025-05-01,269300.0
2025-06-01,264500.0
2025-07-01,289900.0
2025-08-01,273900.0
2025-09-01,274100.0
2025-10-01,290200.0
2025-11-01,265400.0
2025-12-01,308600.0
2026-01-01,293000.0
2026-02-01,281400.0
2026-03-01,281000.0
2026-04-01,288800.0
2026-05-01,331400.0
2026-06-01,295300.0
2026-07-01,286600.0
2026-08-01,336900.0
