period,account,cost_centre,currency,units,amount
2026-01,4000,CC100,EUR,14000,-770000.0
2026-01,4010,CC100,GBP,5000,-240000.0
2026-01,4020,CC100,USD,7000,-420000.0
2026-01,5000,CC300,USD,26000,156000.0
2026-01,6000,CC100,EUR,20,140000.0
2026-01,6010,CC100,EUR,0,15750.0
2026-01,6000,CC200,EUR,8,48000.0
2026-01,6010,CC200,EUR,0,5400.0
2026-01,6000,CC300,EUR,30,255000.0
2026-01,6010,CC300,EUR,0,28687.5
2026-01,6000,CC400,EUR,12,60000.0
2026-01,6010,CC400,EUR,0,6750.0
2026-01,6000,CC500,EUR,10,65000.0
2026-01,6010,CC500,EUR,0,7312.5
2026-01,6100,CC200,EUR,0,60000.0
2026-01,6100,CC200,GBP,0,15000.0
2026-01,6200,CC300,USD,0,20000.0
2026-01,6300,CC100,EUR,0,15000.0
2026-01,6400,CC500,EUR,0,45000.0
2026-01,6500,CC500,EUR,0,10000.0
2026-02,4000,CC100,EUR,14280,-785400.0
2026-02,4010,CC100,GBP,5075,-243600.0
2026-02,4020,CC100,USD,7140,-428400.0
2026-02,5000,CC300,USD,26495,158970.0
2026-02,6000,CC100,EUR,21,147000.0
2026-02,6010,CC100,EUR,0,16537.5
2026-02,6000,CC200,EUR,8,48000.0
2026-02,6010,CC200,EUR,0,5400.0
2026-02,6000,CC300,EUR,31,263500.0
2026-02,6010,CC300,EUR,0,29643.75
2026-02,6000,CC400,EUR,12,60000.0
2026-02,6010,CC400,EUR,0,6750.0
2026-02,6000,CC500,EUR,10,65000.0
2026-02,6010,CC500,EUR,0,7312.5
2026-02,6100,CC200,EUR,0,60000.0
2026-02,6100,CC200,GBP,0,15000.0
2026-02,6200,CC300,USD,0,20000.0
2026-02,6300,CC100,EUR,0,15000.0
2026-02,6400,CC500,EUR,0,45000.0
2026-02,6500,CC500,EUR,0,10000.0
2026-03,4000,CC100,EUR,14566,-801130.0
2026-03,4010,CC100,GBP,5151,-247248.0
2026-03,4020,CC100,USD,7283,-436980.0
2026-03,5000,CC300,USD,27000,162000.0
2026-03,6000,CC100,EUR,21,147000.0
2026-03,6010,CC100,EUR,0,16537.5
2026-03,6000,CC200,EUR,8,48000.0
2026-03,6010,CC200,EUR,0,5400.0
2026-03,6000,CC300,EUR,32,272000.0
2026-03,6010,CC300,EUR,0,30600.0
2026-03,6000,CC400,EUR,13,65000.0
2026-03,6010,CC400,EUR,0,7312.5
2026-03,6000,CC500,EUR,10,65000.0
2026-03,6010,CC500,EUR,0,7312.5
2026-03,6100,CC200,EUR,0,60000.0
2026-03,6100,CC200,GBP,0,15000.0
2026-03,6200,CC300,USD,0,20000.0
2026-03,6300,CC100,EUR,0,15000.0
2026-03,6400,CC500,EUR,0,45000.0
2026-03,6500,CC500,EUR,0,10000.0
2026-04,4000,CC100,EUR,14857,-817135.0
2026-04,4010,CC100,GBP,5228,-250944.0
2026-04,4020,CC100,USD,7428,-445680.0
2026-04,5000,CC300,USD,27513,165078.0
2026-04,6000,CC100,EUR,22,154000.0
2026-04,6010,CC100,EUR,0,17325.0
2026-04,6000,CC200,EUR,9,54000.0
2026-04,6010,CC200,EUR,0,6075.0
2026-04,6000,CC300,EUR,33,280500.0
2026-04,6010,CC300,EUR,0,31556.25
2026-04,6000,CC400,EUR,13,65000.0
2026-04,6010,CC400,EUR,0,7312.5
2026-04,6000,CC500,EUR,11,71500.0
2026-04,6010,CC500,EUR,0,8043.75
2026-04,6100,CC200,EUR,0,60000.0
2026-04,6100,CC200,GBP,0,15000.0
2026-04,6200,CC300,USD,0,20000.0
2026-04,6300,CC100,EUR,0,15000.0
2026-04,6400,CC500,EUR,0,45000.0
2026-04,6500,CC500,EUR,0,10000.0
2026-05,4000,CC100,EUR,15154,-833470.0
2026-05,4010,CC100,GBP,5307,-254736.0
2026-05,4020,CC100,USD,7577,-454620.0
2026-05,5000,CC300,USD,28038,168228.0
2026-05,6000,CC100,EUR,22,154000.0
2026-05,6010,CC100,EUR,0,17325.0
2026-05,6000,CC200,EUR,9,54000.0
2026-05,6010,CC200,EUR,0,6075.0
2026-05,6000,CC300,EUR,34,289000.0
2026-05,6010,CC300,EUR,0,32512.5
2026-05,6000,CC400,EUR,13,65000.0
2026-05,6010,CC400,EUR,0,7312.5
2026-05,6000,CC500,EUR,11,71500.0
2026-05,6010,CC500,EUR,0,8043.75
2026-05,6100,CC200,EUR,0,60000.0
2026-05,6100,CC200,GBP,0,15000.0
2026-05,6200,CC300,USD,0,20000.0
2026-05,6300,CC100,EUR,0,15000.0
2026-05,6400,CC500,EUR,0,45000.0
2026-05,6500,CC500,EUR,0,10000.0
2026-06,4000,CC100,EUR,15457,-850135.0
2026-06,4010,CC100,GBP,5386,-258528.0
2026-06,4020,CC100,USD,7729,-463740.0
2026-06,5000,CC300,USD,28572,171432.0
2026-06,6000,CC100,EUR,23,161000.0
2026-06,6010,CC100,EUR,0,18112.5
2026-06,6000,CC200,EUR,9,54000.0
2026-06,6010,CC200,EUR,0,6075.0
2026-06,6000,CC300,EUR,35,297500.0
2026-06,6010,CC300,EUR,0,33468.75
2026-06,6000,CC400,EUR,13,65000.0
2026-06,6010,CC400,EUR,0,7312.5
2026-06,6000,CC500,EUR,11,71500.0
2026-06,6010,CC500,EUR,0,8043.75
2026-06,6100,CC200,EUR,0,60000.0
2026-06,6100,CC200,GBP,0,15000.0
2026-06,6200,CC300,USD,0,20000.0
2026-06,6300,CC100,EUR,0,15000.0
2026-06,6400,CC500,EUR,0,45000.0
2026-06,6500,CC500,EUR,0,10000.0
2026-07,4000,CC100,EUR,15766,-867130.0
2026-07,4010,CC100,GBP,5467,-262416.0
2026-07,4020,CC100,USD,7883,-472980.0
2026-07,5000,CC300,USD,29116,174696.0
2026-07,6000,CC100,EUR,23,161000.0
2026-07,6010,CC100,EUR,0,18112.5
2026-07,6000,CC200,EUR,9,54000.0
2026-07,6010,CC200,EUR,0,6075.0
2026-07,6000,CC300,EUR,35,297500.0
2026-07,6010,CC300,EUR,0,33468.75
2026-07,6000,CC400,EUR,14,70000.0
2026-07,6010,CC400,EUR,0,7875.0
2026-07,6000,CC500,EUR,11,71500.0
2026-07,6010,CC500,EUR,0,8043.75
2026-07,6100,CC200,EUR,0,60000.0
2026-07,6100,CC200,GBP,0,15000.0
2026-07,6200,CC300,USD,0,20000.0
2026-07,6300,CC100,EUR,0,15000.0
2026-07,6400,CC500,EUR,0,45000.0
2026-07,6500,CC500,EUR,0,10000.0
2026-08,4000,CC100,EUR,16082,-884510.0
2026-08,4010,CC100,GBP,5549,-266352.0
2026-08,4020,CC100,USD,8041,-482460.0
2026-08,5000,CC300,USD,29672,178032.0
2026-08,6000,CC100,EUR,24,168000.0
2026-08,6010,CC100,EUR,0,18900.0
2026-08,6000,CC200,EUR,9,54000.0
2026-08,6010,CC200,EUR,0,6075.0
2026-08,6000,CC300,EUR,36,306000.0
2026-08,6010,CC300,EUR,0,34425.0
2026-08,6000,CC400,EUR,14,70000.0
2026-08,6010,CC400,EUR,0,7875.0
2026-08,6000,CC500,EUR,11,71500.0
2026-08,6010,CC500,EUR,0,8043.75
2026-08,6100,CC200,EUR,0,60000.0
2026-08,6100,CC200,GBP,0,15000.0
2026-08,6200,CC300,USD,0,20000.0
2026-08,6300,CC100,EUR,0,15000.0
2026-08,6400,CC500,EUR,0,45000.0
2026-08,6500,CC500,EUR,0,10000.0
2026-09,4000,CC100,EUR,16403,-902165.0
2026-09,4010,CC100,GBP,5632,-270336.0
2026-09,4020,CC100,USD,8202,-492120.0
2026-09,5000,CC300,USD,30237,181422.0
2026-09,6000,CC100,EUR,24,168000.0
2026-09,6010,CC100,EUR,0,18900.0
2026-09,6000,CC200,EUR,9,54000.0
2026-09,6010,CC200,EUR,0,6075.0
2026-09,6000,CC300,EUR,37,314500.0
2026-09,6010,CC300,EUR,0,35381.25
2026-09,6000,CC400,EUR,14,70000.0
2026-09,6010,CC400,EUR,0,7875.0
2026-09,6000,CC500,EUR,11,71500.0
2026-09,6010,CC500,EUR,0,8043.75
2026-09,6100,CC200,EUR,0,60000.0
2026-09,6100,CC200,GBP,0,15000.0
2026-09,6200,CC300,USD,0,20000.0
2026-09,6300,CC100,EUR,0,15000.0
2026-09,6400,CC500,EUR,0,45000.0
2026-09,6500,CC500,EUR,0,10000.0
2026-10,4000,CC100,EUR,16731,-920205.0
2026-10,4010,CC100,GBP,5717,-274416.0
2026-10,4020,CC100,USD,8366,-501960.0
2026-10,5000,CC300,USD,30814,184884.0
2026-10,6000,CC100,EUR,25,175000.0
2026-10,6010,CC100,EUR,0,19950.0
2026-10,6000,CC200,EUR,10,60000.0
2026-10,6010,CC200,EUR,0,6840.0
2026-10,6000,CC300,EUR,38,323000.0
2026-10,6010,CC300,EUR,0,36822.0
2026-10,6000,CC400,EUR,14,70000.0
2026-10,6010,CC400,EUR,0,7980.0
2026-10,6000,CC500,EUR,12,78000.0
2026-10,6010,CC500,EUR,0,8892.0
2026-10,6100,CC200,EUR,0,60000.0
2026-10,6100,CC200,GBP,0,15000.0
2026-10,6200,CC300,USD,0,20000.0
2026-10,6300,CC100,EUR,0,15000.0
2026-10,6400,CC500,EUR,0,45000.0
2026-10,6500,CC500,EUR,0,10000.0
2026-11,4000,CC100,EUR,17066,-938630.0
2026-11,4010,CC100,GBP,5803,-278544.0
2026-11,4020,CC100,USD,8533,-511980.0
2026-11,5000,CC300,USD,31402,188412.0
2026-11,6000,CC100,EUR,25,175000.0
2026-11,6010,CC100,EUR,0,19950.0
2026-11,6000,CC200,EUR,10,60000.0
2026-11,6010,CC200,EUR,0,6840.0
2026-11,6000,CC300,EUR,39,331500.0
2026-11,6010,CC300,EUR,0,37791.0
2026-11,6000,CC400,EUR,15,75000.0
2026-11,6010,CC400,EUR,0,8550.0
2026-11,6000,CC500,EUR,12,78000.0
2026-11,6010,CC500,EUR,0,8892.0
2026-11,6100,CC200,EUR,0,60000.0
2026-11,6100,CC200,GBP,0,15000.0
2026-11,6200,CC300,USD,0,20000.0
2026-11,6300,CC100,EUR,0,15000.0
2026-11,6400,CC500,EUR,0,45000.0
2026-11,6500,CC500,EUR,0,10000.0
2026-12,4000,CC100,EUR,17407,-957385.0
2026-12,4010,CC100,GBP,5890,-282720.0
2026-12,4020,CC100,USD,8704,-522240.0
2026-12,5000,CC300,USD,32001,192006.0
2026-12,6000,CC100,EUR,26,182000.0
2026-12,6010,CC100,EUR,0,20748.0
2026-12,6000,CC200,EUR,10,60000.0
2026-12,6010,CC200,EUR,0,6840.0
2026-12,6000,CC300,EUR,40,340000.0
2026-12,6010,CC300,EUR,0,38760.0
2026-12,6000,CC400,EUR,15,75000.0
2026-12,6010,CC400,EUR,0,8550.0
2026-12,6000,CC500,EUR,12,78000.0
2026-12,6010,CC500,EUR,0,8892.0
2026-12,6100,CC200,EUR,0,60000.0
2026-12,6100,CC200,GBP,0,15000.0
2026-12,6200,CC300,USD,0,20000.0
2026-12,6300,CC100,EUR,0,15000.0
2026-12,6400,CC500,EUR,0,45000.0
2026-12,6500,CC500,EUR,0,10000.0
