transaction_id,posting_date,account,cost_centre,currency,units,amount,description
JE100000,2026-01-31,4000,CC100,EUR,14000,-770000.0,Subscription billing
JE100001,2026-01-31,4010,CC100,GBP,5000,-240000.0,Subscription billing
JE100002,2026-01-31,4020,CC100,USD,7000,-420000.0,Subscription billing
JE100003,2026-01-31,5000,CC300,USD,26000,163800.0,Cloud hosting invoice
JE100004,2026-01-31,6000,CC100,EUR,20,142800.0,Payroll Sales
JE100005,2026-01-31,6010,CC100,EUR,0,16065.0,Employer PRSI Sales
JE100006,2026-01-31,6000,CC200,EUR,8,48960.0,Payroll Marketing
JE100007,2026-01-31,6010,CC200,EUR,0,5508.0,Employer PRSI Marketing
JE100008,2026-01-31,6000,CC300,EUR,30,260100.0,Payroll R&D
JE100009,2026-01-31,6010,CC300,EUR,0,29261.25,Employer PRSI R&D
JE100010,2026-01-31,6000,CC400,EUR,12,61200.0,Payroll Customer Success
JE100011,2026-01-31,6010,CC400,EUR,0,6885.0,Employer PRSI Customer Success
JE100012,2026-01-31,6000,CC500,EUR,10,66300.0,Payroll G&A
JE100013,2026-01-31,6010,CC500,EUR,0,7458.75,Employer PRSI G&A
JE100014,2026-01-31,6100,CC200,EUR,0,58844.17,Supplier invoices
JE100015,2026-01-31,6100,CC200,GBP,0,15125.92,Supplier invoices
JE100016,2026-01-31,6200,CC300,USD,0,21956.79,Supplier invoices
JE100017,2026-01-31,6300,CC100,EUR,0,17860.14,Supplier invoices
JE100018,2026-01-31,6400,CC500,EUR,0,45000.0,Supplier invoices
JE100019,2026-01-31,6500,CC500,EUR,0,10174.31,Supplier invoices
JE100020,2026-02-28,4000,CC100,EUR,14350,-789250.0,Subscription billing
JE100021,2026-02-28,4010,CC100,GBP,5025,-241200.0,Subscription billing
JE100022,2026-02-28,4020,CC100,USD,7140,-428400.0,Subscription billing
JE100023,2026-02-28,5000,CC300,USD,26515,167044.5,Cloud hosting invoice
JE100024,2026-02-28,6000,CC100,EUR,21,149940.0,Payroll Sales
JE100025,2026-02-28,6010,CC100,EUR,0,16868.25,Employer PRSI Sales
JE100026,2026-02-28,6000,CC200,EUR,8,48960.0,Payroll Marketing
JE100027,2026-02-28,6010,CC200,EUR,0,5508.0,Employer PRSI Marketing
JE100028,2026-02-28,6000,CC300,EUR,31,268770.0,Payroll R&D
JE100029,2026-02-28,6010,CC300,EUR,0,30236.62,Employer PRSI R&D
JE100030,2026-02-28,6000,CC400,EUR,12,61200.0,Payroll Customer Success
JE100031,2026-02-28,6010,CC400,EUR,0,6885.0,Employer PRSI Customer Success
JE100032,2026-02-28,6000,CC500,EUR,10,66300.0,Payroll G&A
JE100033,2026-02-28,6010,CC500,EUR,0,7458.75,Employer PRSI G&A
JE100034,2026-02-28,6100,CC200,EUR,0,61458.52,Supplier invoices
JE100035,2026-02-28,6100,CC200,GBP,0,14709.62,Supplier invoices
JE100036,2026-02-28,6200,CC300,USD,0,22201.68,Supplier invoices
JE100037,2026-02-28,6300,CC100,EUR,0,17782.17,Supplier invoices
JE100038,2026-02-28,6400,CC500,EUR,0,45000.0,Supplier invoices
JE100039,2026-02-28,6500,CC500,EUR,0,10251.91,Supplier invoices
JE100040,2026-03-31,4000,CC100,EUR,14709,-808995.0,Subscription billing
JE100041,2026-03-31,4010,CC100,GBP,5050,-242400.0,Subscription billing
JE100042,2026-03-31,4020,CC100,USD,7283,-436980.0,Subscription billing
JE100043,2026-03-31,5000,CC300,USD,27042,170364.6,Cloud hosting invoice
JE100044,2026-03-31,6000,CC100,EUR,22,157080.0,Payroll Sales
JE100045,2026-03-31,6010,CC100,EUR,0,17671.5,Employer PRSI Sales
JE100046,2026-03-31,6000,CC200,EUR,8,48960.0,Payroll Marketing
JE100047,2026-03-31,6010,CC200,EUR,0,5508.0,Employer PRSI Marketing
JE100048,2026-03-31,6000,CC300,EUR,32,277440.0,Payroll R&D
JE100049,2026-03-31,6010,CC300,EUR,0,31212.0,Employer PRSI R&D
JE100050,2026-03-31,6000,CC400,EUR,13,66300.0,Payroll Customer Success
JE100051,2026-03-31,6010,CC400,EUR,0,7458.75,Employer PRSI Customer Success
JE100052,2026-03-31,6000,CC500,EUR,10,66300.0,Payroll G&A
JE100053,2026-03-31,6010,CC500,EUR,0,7458.75,Employer PRSI G&A
JE100054,2026-03-31,6100,CC200,EUR,0,95489.13,Supplier invoices
JE100055,2026-03-31,6100,CC200,GBP,0,15227.46,Supplier invoices
JE100056,2026-03-31,6200,CC300,USD,0,22020.0,Supplier invoices
JE100057,2026-03-31,6300,CC100,EUR,0,18351.97,Supplier invoices
JE100058,2026-03-31,6400,CC500,EUR,0,45000.0,Supplier invoices
JE100059,2026-03-31,6500,CC500,EUR,0,9903.29,Supplier invoices
JE100060,2026-04-30,4000,CC100,EUR,15076,-814104.0,Subscription billing
JE100061,2026-04-30,4010,CC100,GBP,5075,-243600.0,Subscription billing
JE100062,2026-04-30,4020,CC100,USD,7428,-445680.0,Subscription billing
JE100063,2026-04-30,5000,CC300,USD,27579,173747.7,Cloud hosting invoice
JE100064,2026-04-30,6000,CC100,EUR,23,164220.0,Payroll Sales
JE100065,2026-04-30,6010,CC100,EUR,0,18474.75,Employer PRSI Sales
JE100066,2026-04-30,6000,CC200,EUR,9,55080.0,Payroll Marketing
JE100067,2026-04-30,6010,CC200,EUR,0,6196.5,Employer PRSI Marketing
JE100068,2026-04-30,6000,CC300,EUR,30,260100.0,Payroll R&D
JE100069,2026-04-30,6010,CC300,EUR,0,29261.25,Employer PRSI R&D
JE100070,2026-04-30,6000,CC400,EUR,13,66300.0,Payroll Customer Success
JE100071,2026-04-30,6010,CC400,EUR,0,7458.75,Employer PRSI Customer Success
JE100072,2026-04-30,6000,CC500,EUR,11,72930.0,Payroll G&A
JE100073,2026-04-30,6010,CC500,EUR,0,8204.62,Employer PRSI G&A
JE100074,2026-04-30,6100,CC200,EUR,0,59200.44,Supplier invoices
JE100075,2026-04-30,6100,CC200,GBP,0,14753.7,Supplier invoices
JE100076,2026-04-30,6200,CC300,USD,0,22034.08,Supplier invoices
JE100077,2026-04-30,6300,CC100,EUR,0,17925.39,Supplier invoices
JE100078,2026-04-30,6400,CC500,EUR,0,45000.0,Supplier invoices
JE100079,2026-04-30,6500,CC500,EUR,0,9707.7,Supplier invoices
JE100080,2026-05-31,4000,CC100,EUR,15453,-834462.0,Subscription billing
JE100081,2026-05-31,4010,CC100,GBP,5101,-244848.0,Subscription billing
JE100082,2026-05-31,4020,CC100,USD,7577,-454620.0,Subscription billing
JE100083,2026-05-31,5000,CC300,USD,28131,177225.3,Cloud hosting invoice
JE100084,2026-05-31,6000,CC100,EUR,23,164220.0,Payroll Sales
JE100085,2026-05-31,6010,CC100,EUR,0,18474.75,Employer PRSI Sales
JE100086,2026-05-31,6000,CC200,EUR,9,55080.0,Payroll Marketing
JE100087,2026-05-31,6010,CC200,EUR,0,6196.5,Employer PRSI Marketing
JE100088,2026-05-31,6000,CC300,EUR,31,268770.0,Payroll R&D
JE100089,2026-05-31,6010,CC300,EUR,0,30236.62,Employer PRSI R&D
JE100090,2026-05-31,6000,CC400,EUR,13,66300.0,Payroll Customer Success
JE100091,2026-05-31,6010,CC400,EUR,0,7458.75,Employer PRSI Customer Success
JE100092,2026-05-31,6000,CC500,EUR,11,72930.0,Payroll G&A
JE100093,2026-05-31,6010,CC500,EUR,0,8204.62,Employer PRSI G&A
JE100094,2026-05-31,6100,CC200,EUR,0,59811.73,Supplier invoices
JE100095,2026-05-31,6100,CC200,GBP,0,14878.66,Supplier invoices
JE100096,2026-05-31,6200,CC300,USD,0,21597.92,Supplier invoices
JE100097,2026-05-31,6300,CC100,EUR,0,18102.46,Supplier invoices
JE100098,2026-05-31,6400,CC500,EUR,0,45000.0,Supplier invoices
JE100099,2026-05-31,6500,CC500,EUR,0,39879.99,Supplier invoices
JE100100,2026-06-30,4000,CC100,EUR,15840,-855360.0,Subscription billing
JE100101,2026-06-30,4010,CC100,GBP,5126,-246048.0,Subscription billing
JE100102,2026-06-30,4020,CC100,USD,9129,-547740.0,Subscription billing
JE100103,2026-06-30,5000,CC300,USD,30095,189598.5,Cloud hosting invoice
JE100104,2026-06-30,6000,CC100,EUR,24,171360.0,Payroll Sales
JE100105,2026-06-30,6010,CC100,EUR,0,19278.0,Employer PRSI Sales
JE100106,2026-06-30,6000,CC200,EUR,9,55080.0,Payroll Marketing
JE100107,2026-06-30,6010,CC200,EUR,0,6196.5,Employer PRSI Marketing
JE100108,2026-06-30,6000,CC300,EUR,32,277440.0,Payroll R&D
JE100109,2026-06-30,6010,CC300,EUR,0,31212.0,Employer PRSI R&D
JE100110,2026-06-30,6000,CC400,EUR,13,66300.0,Payroll Customer Success
JE100111,2026-06-30,6010,CC400,EUR,0,7458.75,Employer PRSI Customer Success
JE100112,2026-06-30,6000,CC500,EUR,11,72930.0,Payroll G&A
JE100113,2026-06-30,6010,CC500,EUR,0,8204.62,Employer PRSI G&A
JE100114,2026-06-30,6100,CC200,EUR,0,58953.9,Supplier invoices
JE100115,2026-06-30,6100,CC200,GBP,0,15337.16,Supplier invoices
JE100116,2026-06-30,6200,CC300,USD,0,22392.65,Supplier invoices
JE100117,2026-06-30,6300,CC100,EUR,0,18115.25,Supplier invoices
JE100118,2026-06-30,6400,CC500,EUR,0,45000.0,Supplier invoices
JE100119,2026-06-30,6500,CC500,EUR,0,10268.09,Supplier invoices
JE100120,2026-07-31,4000,CC100,EUR,16236,-876744.0,Subscription billing
JE100121,2026-07-31,4010,CC100,GBP,5152,-247296.0,Subscription billing
JE100122,2026-07-31,4020,CC100,USD,9283,-579259.2,Subscription billing
JE100123,2026-07-31,5000,CC300,USD,30671,193227.3,Cloud hosting invoice
JE100124,2026-07-31,6000,CC100,EUR,24,171360.0,Payroll Sales
JE100125,2026-07-31,6010,CC100,EUR,0,19278.0,Employer PRSI Sales
JE100126,2026-07-31,6000,CC200,EUR,9,55080.0,Payroll Marketing
JE100127,2026-07-31,6010,CC200,EUR,0,6196.5,Employer PRSI Marketing
JE100128,2026-07-31,6000,CC300,EUR,32,277440.0,Payroll R&D
JE100129,2026-07-31,6010,CC300,EUR,0,31212.0,Employer PRSI R&D
JE100130,2026-07-31,6000,CC400,EUR,14,71400.0,Payroll Customer Success
JE100131,2026-07-31,6010,CC400,EUR,0,8032.5,Employer PRSI Customer Success
JE100132,2026-07-31,6000,CC500,EUR,11,72930.0,Payroll G&A
JE100133,2026-07-31,6010,CC500,EUR,0,8204.62,Employer PRSI G&A
JE100134,2026-07-31,6100,CC200,EUR,0,60228.16,Supplier invoices
JE100135,2026-07-31,6100,CC200,GBP,0,14939.49,Supplier invoices
JE100136,2026-07-31,6200,CC300,USD,0,22528.59,Supplier invoices
JE100137,2026-07-31,6300,CC100,EUR,0,17804.89,Supplier invoices
JE100138,2026-07-31,6400,CC500,EUR,0,45000.0,Supplier invoices
JE100139,2026-07-31,6500,CC500,EUR,0,9888.29,Supplier invoices
JE100140,2026-08-31,4000,CC100,EUR,16642,-898668.0,Subscription billing
JE100141,2026-08-31,4010,CC100,GBP,5178,-248544.0,Subscription billing
JE100142,2026-08-31,4020,CC100,USD,9441,-589118.4,Subscription billing
JE100143,2026-08-31,5000,CC300,USD,31261,196944.3,Cloud hosting invoice
JE100144,2026-08-31,6000,CC100,EUR,25,178500.0,Payroll Sales
JE100145,2026-08-31,6010,CC100,EUR,0,20081.25,Employer PRSI Sales
JE100146,2026-08-31,6000,CC200,EUR,9,55080.0,Payroll Marketing
JE100147,2026-08-31,6010,CC200,EUR,0,6196.5,Employer PRSI Marketing
JE100148,2026-08-31,6000,CC300,EUR,33,286110.0,Payroll R&D
JE100149,2026-08-31,6010,CC300,EUR,0,32187.38,Employer PRSI R&D
JE100150,2026-08-31,6000,CC400,EUR,14,71400.0,Payroll Customer Success
JE100151,2026-08-31,6010,CC400,EUR,0,8032.5,Employer PRSI Customer Success
JE100152,2026-08-31,6000,CC500,EUR,11,72930.0,Payroll G&A
JE100153,2026-08-31,6010,CC500,EUR,0,8204.62,Employer PRSI G&A
JE100154,2026-08-31,6100,CC200,EUR,0,59141.59,Supplier invoices
JE100155,2026-08-31,6100,CC200,GBP,0,15180.76,Supplier invoices
JE100156,2026-08-31,6200,,USD,0,21640.82,Supplier invoices
JE100157,2026-08-31,6300,CC100,EUR,0,17992.56,Supplier invoices
JE100158,2026-08-31,6400,CC500,EUR,0,45000.0,Supplier invoices
JE100159,2026-08-31,6500,CC500,EUR,0,9813.34,Supplier invoices
JE100157,2026-08-31,6300,CC100,EUR,0,17992.56,Supplier invoices
